1_KQQ_B1_PHAGE245_M_PROTEIN_8_KL1	1_KQQ_B1_PHAGE245_M_PROTEIN_8_KL1	0.0	100.000	1724	845	1	845	845	1	845
1_KQQ_B1_PHAGE245_M_PROTEIN_8_KL1	11_KPN_B10_PHAGE005_M_PROTEIN_9_KL39	1.32e-62	33.708	219	845	339	842	909	406	904
1_KQQ_B1_PHAGE245_M_PROTEIN_8_KL1	11_KPN_B10_PHAGE005_M_PROTEIN_9_KL39	1.34e-37	31.264	142	845	7	455	909	10	381
1_KQQ_B1_PHAGE245_M_PROTEIN_8_KL1	11_KPN_B10_PHAGE005_M_PROTEIN_9_KL39	1.21e-04	28.125	36.2	845	342	463	909	144	259
1_KQQ_B1_PHAGE245_M_PROTEIN_8_KL1	6_KPN_B4_PHAGE152_M_PROTEIN_6_KL16	9.93e-55	28.552	196	845	149	833	993	291	983
1_KQQ_B1_PHAGE245_M_PROTEIN_8_KL1	6_KPN_B4_PHAGE152_M_PROTEIN_6_KL16	7.60e-41	42.279	153	845	19	286	993	15	257
1_KQQ_B1_PHAGE245_M_PROTEIN_8_KL1	6_KPN_B4_PHAGE152_M_PROTEIN_6_KL16	4.5	41.667	21.6	845	413	435	993	230	253
1_KQQ_B1_PHAGE245_M_PROTEIN_8_KL1	16_KPN_B12_PHAGE243_M_PROTEIN_2_KL64	1.24e-38	57.971	144	845	7	144	653	10	143
1_KQQ_B1_PHAGE245_M_PROTEIN_8_KL1	16_KPN_B12_PHAGE243_M_PROTEIN_2_KL64	2.15e-12	24.348	61.2	845	479	810	653	317	622
1_KQQ_B1_PHAGE245_M_PROTEIN_8_KL1	14_KPN_B7_PHAGE068_M_PROTEIN_7_KL57	1.03e-35	58.140	135	845	7	135	742	10	134
1_KQQ_B1_PHAGE245_M_PROTEIN_8_KL1	8_KPN_B10_PHAGE037_M_PROTEIN_49_KL24	1.65e-31	58.197	122	845	19	136	732	15	128
1_KQQ_B1_PHAGE245_M_PROTEIN_8_KL1	7_KPN_B8_PHAGE102_M_PROTEIN_13_KL2	1.13e-29	58.559	116	845	21	131	717	18	120
1_KQQ_B1_PHAGE245_M_PROTEIN_8_KL1	18_KPN_B18_PHAGE066_M_PROTEIN_10_KL8	2.18e-29	58.407	115	845	19	131	691	15	123
1_KQQ_B1_PHAGE245_M_PROTEIN_8_KL1	5_KPN_B12_PHAGE073_M_PROTEIN_8_KL15	3.90e-29	51.200	115	845	7	131	692	15	135
1_KQQ_B1_PHAGE245_M_PROTEIN_8_KL1	19_164_08_KL2	6.33e-26	54.054	105	845	21	131	717	18	120
1_KQQ_B1_PHAGE245_M_PROTEIN_8_KL1	3_KPN_B18_PHAGE173_M_PROTEIN_13_KL111	3.83e-17	37.795	76.6	845	8	132	566	8	126
1_KQQ_B1_PHAGE245_M_PROTEIN_8_KL1	9_KPN_B10_PHAGE366_M_PROTEIN_10_KL30	1.60e-16	72.222	75.1	845	89	138	875	213	266
1_KQQ_B1_PHAGE245_M_PROTEIN_8_KL1	12_KPN_B17_PHAGE156_M_PROTEIN_70_KL48	2.09e-14	53.846	68.2	845	88	152	810	173	230
1_KQQ_B1_PHAGE245_M_PROTEIN_8_KL1	2_KPN_B8_PHAGE150_M_PROTEIN_7_KL11	9.42e-14	38.793	65.9	845	19	132	724	15	126
1_KQQ_B1_PHAGE245_M_PROTEIN_8_KL1	4_KPN_B21_PHAGE08_M_PROTEIN_55_KL125	1.73e-12	60.938	62.0	845	69	130	1012	119	182
1_KQQ_B1_PHAGE245_M_PROTEIN_8_KL1	4_KPN_B21_PHAGE08_M_PROTEIN_55_KL125	0.51	29.545	24.6	845	459	502	1012	698	741
1_KQQ_B1_PHAGE245_M_PROTEIN_8_KL1	4_KPN_B21_PHAGE08_M_PROTEIN_55_KL125	5.4	28.205	21.2	845	577	615	1012	767	801
1_KQQ_B1_PHAGE245_M_PROTEIN_8_KL1	4_KPN_B21_PHAGE08_M_PROTEIN_55_KL125	7.9	24.812	20.8	845	16	126	1012	1	129
1_KQQ_B1_PHAGE245_M_PROTEIN_8_KL1	13_KVV_B2_PHAGE172_L_PROTEIN_109_KL55	5.67e-10	45.783	53.5	845	75	150	926	154	236
1_KQQ_B1_PHAGE245_M_PROTEIN_8_KL1	13_KVV_B2_PHAGE172_L_PROTEIN_109_KL55	1.2	42.105	23.1	845	366	384	926	645	663
1_KQQ_B1_PHAGE245_M_PROTEIN_8_KL1	22_QNO11465_DOT_1_K26	0.12	28.302	26.6	845	57	159	993	202	287
1_KQQ_B1_PHAGE245_M_PROTEIN_8_KL1	17_KPN_B17_PHAGE521_M_PROTEIN_6_KL7	0.99	22.581	23.5	845	688	746	753	137	198
1_KQQ_B1_PHAGE245_M_PROTEIN_8_KL1	20_174_38_KL55	1.7	25.263	22.7	845	157	241	839	183	264
1_KQQ_B1_PHAGE245_M_PROTEIN_8_KL1	20_174_38_KL55	5.3	35.714	21.2	845	580	607	839	108	135
1_KQQ_B1_PHAGE245_M_PROTEIN_8_KL1	10_KPN_B6_PHAGE068_M_PROTEIN_90_KL35	6.8	26.316	20.8	845	358	431	482	131	203
1_KQQ_B1_PHAGE245_M_PROTEIN_8_KL1	21_YP_004782195_DOT_1	8.3	30.769	20.4	845	778	812	851	245	283
2_KPN_B8_PHAGE150_M_PROTEIN_7_KL11	2_KPN_B8_PHAGE150_M_PROTEIN_7_KL11	0.0	100.000	1489	724	1	724	724	1	724
2_KPN_B8_PHAGE150_M_PROTEIN_7_KL11	18_KPN_B18_PHAGE066_M_PROTEIN_10_KL8	2.53e-118	34.846	363	724	1	724	691	1	691
2_KPN_B8_PHAGE150_M_PROTEIN_7_KL11	10_KPN_B6_PHAGE068_M_PROTEIN_90_KL35	7.81e-114	42.259	344	724	270	724	482	15	481
2_KPN_B8_PHAGE150_M_PROTEIN_7_KL11	10_KPN_B6_PHAGE068_M_PROTEIN_90_KL35	0.007	30.986	30.0	724	126	192	482	33	101
2_KPN_B8_PHAGE150_M_PROTEIN_7_KL11	5_KPN_B12_PHAGE073_M_PROTEIN_8_KL15	1.74e-74	39.687	246	724	354	724	692	320	692
2_KPN_B8_PHAGE150_M_PROTEIN_7_KL11	5_KPN_B12_PHAGE073_M_PROTEIN_8_KL15	1.87e-12	37.383	61.2	724	22	128	692	34	138
2_KPN_B8_PHAGE150_M_PROTEIN_7_KL11	3_KPN_B18_PHAGE173_M_PROTEIN_13_KL111	9.88e-52	68.085	181	724	1	140	566	1	141
2_KPN_B8_PHAGE150_M_PROTEIN_7_KL11	3_KPN_B18_PHAGE173_M_PROTEIN_13_KL111	1.33e-13	26.210	64.7	724	455	691	566	317	547
2_KPN_B8_PHAGE150_M_PROTEIN_7_KL11	19_164_08_KL2	1.77e-35	54.762	134	724	3	128	717	4	123
2_KPN_B8_PHAGE150_M_PROTEIN_7_KL11	19_164_08_KL2	2.2	26.316	22.3	724	648	699	717	52	108
2_KPN_B8_PHAGE150_M_PROTEIN_7_KL11	6_KPN_B4_PHAGE152_M_PROTEIN_6_KL16	2.74e-32	56.800	125	724	1	125	993	1	119
2_KPN_B8_PHAGE150_M_PROTEIN_7_KL11	7_KPN_B8_PHAGE102_M_PROTEIN_13_KL2	1.22e-31	51.587	122	724	3	128	717	4	123
2_KPN_B8_PHAGE150_M_PROTEIN_7_KL11	8_KPN_B10_PHAGE037_M_PROTEIN_49_KL24	1.80e-31	54.688	122	724	1	128	732	1	122
2_KPN_B8_PHAGE150_M_PROTEIN_7_KL11	15_KPN_B9_PHAGE144_M_PROTEIN_14_KL6	1.00e-19	28.464	84.3	724	450	686	587	307	566
2_KPN_B8_PHAGE150_M_PROTEIN_7_KL11	15_KPN_B9_PHAGE144_M_PROTEIN_14_KL6	3.8	33.333	21.6	724	517	549	587	160	192
2_KPN_B8_PHAGE150_M_PROTEIN_7_KL11	1_KQQ_B1_PHAGE245_M_PROTEIN_8_KL1	7.28e-14	38.793	65.9	724	15	126	845	19	132
2_KPN_B8_PHAGE150_M_PROTEIN_7_KL11	14_KPN_B7_PHAGE068_M_PROTEIN_7_KL57	1.54e-12	34.400	61.6	724	22	146	742	29	146
2_KPN_B8_PHAGE150_M_PROTEIN_7_KL11	11_KPN_B10_PHAGE005_M_PROTEIN_9_KL39	1.93e-10	35.849	55.1	724	22	127	909	29	132
2_KPN_B8_PHAGE150_M_PROTEIN_7_KL11	13_KVV_B2_PHAGE172_L_PROTEIN_109_KL55	5.22e-10	34.821	53.5	724	17	118	926	94	205
2_KPN_B8_PHAGE150_M_PROTEIN_7_KL11	16_KPN_B12_PHAGE243_M_PROTEIN_2_KL64	3.04e-09	34.951	50.8	724	22	124	653	29	129
2_KPN_B8_PHAGE150_M_PROTEIN_7_KL11	12_KPN_B17_PHAGE156_M_PROTEIN_70_KL48	2.07e-07	35.616	45.1	724	61	196	810	152	287
2_KPN_B8_PHAGE150_M_PROTEIN_7_KL11	9_KPN_B10_PHAGE366_M_PROTEIN_10_KL30	2.72e-07	47.761	44.7	724	61	127	875	191	257
2_KPN_B8_PHAGE150_M_PROTEIN_7_KL11	4_KPN_B21_PHAGE08_M_PROTEIN_55_KL125	1.05e-06	53.571	42.7	724	69	124	1012	127	182
2_KPN_B8_PHAGE150_M_PROTEIN_7_KL11	22_QNO11465_DOT_1_K26	1.4	52.632	22.7	724	486	504	993	56	74
2_KPN_B8_PHAGE150_M_PROTEIN_7_KL11	22_QNO11465_DOT_1_K26	1.6	22.340	22.7	724	278	371	993	604	684
2_KPN_B8_PHAGE150_M_PROTEIN_7_KL11	22_QNO11465_DOT_1_K26	9.5	66.667	20.0	724	517	525	993	250	258
2_KPN_B8_PHAGE150_M_PROTEIN_7_KL11	21_YP_004782195_DOT_1	4.7	52.174	21.2	724	307	327	851	771	793
2_KPN_B8_PHAGE150_M_PROTEIN_7_KL11	20_174_38_KL55	8.6	34.286	20.4	724	107	141	839	395	425
3_KPN_B18_PHAGE173_M_PROTEIN_13_KL111	3_KPN_B18_PHAGE173_M_PROTEIN_13_KL111	0.0	100.000	1140	566	1	566	566	1	566
3_KPN_B18_PHAGE173_M_PROTEIN_13_KL111	2_KPN_B8_PHAGE150_M_PROTEIN_7_KL11	6.67e-52	68.085	181	566	1	141	724	1	140
3_KPN_B18_PHAGE173_M_PROTEIN_13_KL111	2_KPN_B8_PHAGE150_M_PROTEIN_7_KL11	3.36e-14	25.623	66.2	566	284	547	724	426	691
3_KPN_B18_PHAGE173_M_PROTEIN_13_KL111	8_KPN_B10_PHAGE037_M_PROTEIN_49_KL24	6.85e-35	56.000	131	566	1	125	732	1	119
3_KPN_B18_PHAGE173_M_PROTEIN_13_KL111	19_164_08_KL2	2.13e-34	38.683	129	566	3	221	717	4	234
3_KPN_B18_PHAGE173_M_PROTEIN_13_KL111	7_KPN_B8_PHAGE102_M_PROTEIN_13_KL2	1.01e-31	52.459	121	566	3	124	717	4	119
3_KPN_B18_PHAGE173_M_PROTEIN_13_KL111	7_KPN_B8_PHAGE102_M_PROTEIN_13_KL2	7.5	40.000	20.0	566	141	165	717	322	346
3_KPN_B18_PHAGE173_M_PROTEIN_13_KL111	6_KPN_B4_PHAGE152_M_PROTEIN_6_KL16	1.96e-31	53.175	120	566	1	126	993	1	120
3_KPN_B18_PHAGE173_M_PROTEIN_13_KL111	18_KPN_B18_PHAGE066_M_PROTEIN_10_KL8	2.18e-31	50.382	120	566	1	131	691	1	129
3_KPN_B18_PHAGE173_M_PROTEIN_13_KL111	18_KPN_B18_PHAGE066_M_PROTEIN_10_KL8	5.61e-07	34.694	43.1	566	317	409	691	428	523
3_KPN_B18_PHAGE173_M_PROTEIN_13_KL111	1_KQQ_B1_PHAGE245_M_PROTEIN_8_KL1	2.29e-17	37.795	76.6	566	8	126	845	8	132
3_KPN_B18_PHAGE173_M_PROTEIN_13_KL111	1_KQQ_B1_PHAGE245_M_PROTEIN_8_KL1	8.1	29.412	20.0	566	413	446	845	806	839
3_KPN_B18_PHAGE173_M_PROTEIN_13_KL111	11_KPN_B10_PHAGE005_M_PROTEIN_9_KL39	1.20e-13	33.333	64.7	566	3	133	909	6	138
3_KPN_B18_PHAGE173_M_PROTEIN_13_KL111	14_KPN_B7_PHAGE068_M_PROTEIN_7_KL57	4.41e-12	36.893	59.7	566	22	124	742	29	129
3_KPN_B18_PHAGE173_M_PROTEIN_13_KL111	16_KPN_B12_PHAGE243_M_PROTEIN_2_KL64	8.68e-11	43.478	55.5	566	57	125	653	64	130
3_KPN_B18_PHAGE173_M_PROTEIN_13_KL111	13_KVV_B2_PHAGE172_L_PROTEIN_109_KL55	8.92e-11	38.318	55.5	566	17	120	926	101	207
3_KPN_B18_PHAGE173_M_PROTEIN_13_KL111	13_KVV_B2_PHAGE172_L_PROTEIN_109_KL55	8.8	30.000	20.0	566	131	160	926	885	914
3_KPN_B18_PHAGE173_M_PROTEIN_13_KL111	10_KPN_B6_PHAGE068_M_PROTEIN_90_KL35	2.34e-10	23.077	53.9	566	260	500	482	166	410
3_KPN_B18_PHAGE173_M_PROTEIN_13_KL111	9_KPN_B10_PHAGE366_M_PROTEIN_10_KL30	2.40e-09	41.667	50.8	566	46	125	875	172	255
3_KPN_B18_PHAGE173_M_PROTEIN_13_KL111	9_KPN_B10_PHAGE366_M_PROTEIN_10_KL30	8.9	22.013	20.0	566	280	423	875	357	505
3_KPN_B18_PHAGE173_M_PROTEIN_13_KL111	12_KPN_B17_PHAGE156_M_PROTEIN_70_KL48	2.90e-09	39.080	50.4	566	43	125	810	131	216
3_KPN_B18_PHAGE173_M_PROTEIN_13_KL111	4_KPN_B21_PHAGE08_M_PROTEIN_55_KL125	1.22e-08	53.571	48.5	566	69	124	1012	127	182
3_KPN_B18_PHAGE173_M_PROTEIN_13_KL111	5_KPN_B12_PHAGE073_M_PROTEIN_8_KL15	3.17e-08	38.636	47.0	566	55	141	692	66	145
3_KPN_B18_PHAGE173_M_PROTEIN_13_KL111	5_KPN_B12_PHAGE073_M_PROTEIN_8_KL15	1.5	41.667	22.3	566	523	546	692	203	226
3_KPN_B18_PHAGE173_M_PROTEIN_13_KL111	5_KPN_B12_PHAGE073_M_PROTEIN_8_KL15	4.3	25.000	20.8	566	462	500	692	582	621
3_KPN_B18_PHAGE173_M_PROTEIN_13_KL111	15_KPN_B9_PHAGE144_M_PROTEIN_14_KL6	6.28e-04	24.528	33.1	566	317	498	587	312	522
3_KPN_B18_PHAGE173_M_PROTEIN_13_KL111	20_174_38_KL55	1.3	27.586	22.7	566	344	372	839	599	627
3_KPN_B18_PHAGE173_M_PROTEIN_13_KL111	20_174_38_KL55	3.7	34.211	21.2	566	269	306	839	94	131
3_KPN_B18_PHAGE173_M_PROTEIN_13_KL111	22_QNO11465_DOT_1_K26	3.1	34.286	21.2	566	74	128	993	881	950
4_KPN_B21_PHAGE08_M_PROTEIN_55_KL125	4_KPN_B21_PHAGE08_M_PROTEIN_55_KL125	0.0	100.000	2058	1012	1	1012	1012	1	1012
4_KPN_B21_PHAGE08_M_PROTEIN_55_KL125	9_KPN_B10_PHAGE366_M_PROTEIN_10_KL30	3.62e-31	58.537	122	1012	60	182	875	132	254
4_KPN_B21_PHAGE08_M_PROTEIN_55_KL125	12_KPN_B17_PHAGE156_M_PROTEIN_70_KL48	2.47e-27	54.472	110	1012	60	182	810	93	215
4_KPN_B21_PHAGE08_M_PROTEIN_55_KL125	13_KVV_B2_PHAGE172_L_PROTEIN_109_KL55	1.29e-21	50.000	92.0	1012	73	178	926	102	207
4_KPN_B21_PHAGE08_M_PROTEIN_55_KL125	13_KVV_B2_PHAGE172_L_PROTEIN_109_KL55	4.6	26.667	21.6	1012	330	409	926	837	922
4_KPN_B21_PHAGE08_M_PROTEIN_55_KL125	17_KPN_B17_PHAGE521_M_PROTEIN_6_KL7	3.83e-20	45.614	87.0	1012	1	110	753	1	112
4_KPN_B21_PHAGE08_M_PROTEIN_55_KL125	17_KPN_B17_PHAGE521_M_PROTEIN_6_KL7	9.0	22.857	20.8	1012	618	687	753	284	344
4_KPN_B21_PHAGE08_M_PROTEIN_55_KL125	16_KPN_B12_PHAGE243_M_PROTEIN_2_KL64	6.18e-18	62.500	79.7	1012	119	182	653	68	129
4_KPN_B21_PHAGE08_M_PROTEIN_55_KL125	7_KPN_B8_PHAGE102_M_PROTEIN_13_KL2	2.62e-17	57.812	77.8	1012	119	182	717	58	119
4_KPN_B21_PHAGE08_M_PROTEIN_55_KL125	14_KPN_B7_PHAGE068_M_PROTEIN_7_KL57	6.07e-17	49.398	76.6	1012	119	201	742	68	147
4_KPN_B21_PHAGE08_M_PROTEIN_55_KL125	8_KPN_B10_PHAGE037_M_PROTEIN_49_KL24	4.24e-16	57.812	73.9	1012	119	182	732	57	118
4_KPN_B21_PHAGE08_M_PROTEIN_55_KL125	8_KPN_B10_PHAGE037_M_PROTEIN_49_KL24	8.9	30.000	20.8	1012	488	537	732	360	409
4_KPN_B21_PHAGE08_M_PROTEIN_55_KL125	1_KQQ_B1_PHAGE245_M_PROTEIN_8_KL1	5.01e-16	61.905	73.6	1012	120	182	845	70	130
4_KPN_B21_PHAGE08_M_PROTEIN_55_KL125	1_KQQ_B1_PHAGE245_M_PROTEIN_8_KL1	0.57	29.545	24.6	1012	698	741	845	459	502
4_KPN_B21_PHAGE08_M_PROTEIN_55_KL125	1_KQQ_B1_PHAGE245_M_PROTEIN_8_KL1	4.7	25.517	21.6	1012	1	138	845	16	138
4_KPN_B21_PHAGE08_M_PROTEIN_55_KL125	1_KQQ_B1_PHAGE245_M_PROTEIN_8_KL1	6.7	26.190	21.2	1012	764	801	845	574	615
4_KPN_B21_PHAGE08_M_PROTEIN_55_KL125	6_KPN_B4_PHAGE152_M_PROTEIN_6_KL16	8.03e-16	60.317	73.2	1012	120	182	993	58	118
4_KPN_B21_PHAGE08_M_PROTEIN_55_KL125	15_KPN_B9_PHAGE144_M_PROTEIN_14_KL6	2.31e-15	48.611	71.2	1012	34	105	587	31	102
4_KPN_B21_PHAGE08_M_PROTEIN_55_KL125	15_KPN_B9_PHAGE144_M_PROTEIN_14_KL6	7.4	31.579	20.8	1012	722	755	587	391	428
4_KPN_B21_PHAGE08_M_PROTEIN_55_KL125	5_KPN_B12_PHAGE073_M_PROTEIN_8_KL15	4.01e-14	52.113	67.4	1012	119	189	692	73	140
4_KPN_B21_PHAGE08_M_PROTEIN_55_KL125	19_164_08_KL2	5.76e-13	53.125	63.5	1012	119	182	717	58	119
4_KPN_B21_PHAGE08_M_PROTEIN_55_KL125	18_KPN_B18_PHAGE066_M_PROTEIN_10_KL8	1.11e-10	46.067	56.2	1012	119	200	691	61	147
4_KPN_B21_PHAGE08_M_PROTEIN_55_KL125	2_KPN_B8_PHAGE150_M_PROTEIN_7_KL11	5.93e-10	53.571	53.9	1012	127	182	724	69	124
4_KPN_B21_PHAGE08_M_PROTEIN_55_KL125	3_KPN_B18_PHAGE173_M_PROTEIN_13_KL111	8.87e-10	53.571	53.1	1012	127	182	566	69	124
4_KPN_B21_PHAGE08_M_PROTEIN_55_KL125	11_KPN_B10_PHAGE005_M_PROTEIN_9_KL39	1.24e-08	43.750	49.7	1012	119	182	909	68	129
4_KPN_B21_PHAGE08_M_PROTEIN_55_KL125	11_KPN_B10_PHAGE005_M_PROTEIN_9_KL39	3.1	29.070	22.3	1012	97	179	909	245	322
4_KPN_B21_PHAGE08_M_PROTEIN_55_KL125	11_KPN_B10_PHAGE005_M_PROTEIN_9_KL39	3.9	30.769	21.9	1012	49	100	909	66	109
4_KPN_B21_PHAGE08_M_PROTEIN_55_KL125	20_174_38_KL55	6.69e-06	29.464	40.8	1012	1	109	839	1	102
4_KPN_B21_PHAGE08_M_PROTEIN_55_KL125	20_174_38_KL55	5.8	25.581	21.2	1012	891	933	839	535	566
4_KPN_B21_PHAGE08_M_PROTEIN_55_KL125	22_QNO11465_DOT_1_K26	0.14	23.016	26.6	1012	128	248	993	356	473
4_KPN_B21_PHAGE08_M_PROTEIN_55_KL125	22_QNO11465_DOT_1_K26	1.9	34.375	23.1	1012	323	354	993	688	719
4_KPN_B21_PHAGE08_M_PROTEIN_55_KL125	21_YP_004782195_DOT_1	5.9	39.130	21.2	1012	986	1008	851	470	492
5_KPN_B12_PHAGE073_M_PROTEIN_8_KL15	5_KPN_B12_PHAGE073_M_PROTEIN_8_KL15	0.0	100.000	1425	692	1	692	692	1	692
5_KPN_B12_PHAGE073_M_PROTEIN_8_KL15	18_KPN_B18_PHAGE066_M_PROTEIN_10_KL8	1.29e-118	34.740	362	692	34	692	691	22	691
5_KPN_B12_PHAGE073_M_PROTEIN_8_KL15	2_KPN_B8_PHAGE150_M_PROTEIN_7_KL11	1.67e-74	39.687	246	692	320	692	724	354	724
5_KPN_B12_PHAGE073_M_PROTEIN_8_KL15	2_KPN_B8_PHAGE150_M_PROTEIN_7_KL11	1.79e-12	37.383	61.2	692	34	138	724	22	128
5_KPN_B12_PHAGE073_M_PROTEIN_8_KL15	10_KPN_B6_PHAGE068_M_PROTEIN_90_KL35	6.19e-74	34.906	239	692	275	692	482	77	481
5_KPN_B12_PHAGE073_M_PROTEIN_8_KL15	16_KPN_B12_PHAGE243_M_PROTEIN_2_KL64	9.16e-59	76.923	201	692	11	140	653	6	131
5_KPN_B12_PHAGE073_M_PROTEIN_8_KL15	16_KPN_B12_PHAGE243_M_PROTEIN_2_KL64	3.3	24.615	21.6	692	439	566	653	140	239
5_KPN_B12_PHAGE073_M_PROTEIN_8_KL15	16_KPN_B12_PHAGE243_M_PROTEIN_2_KL64	3.8	30.952	21.2	692	233	260	653	153	194
5_KPN_B12_PHAGE073_M_PROTEIN_8_KL15	16_KPN_B12_PHAGE243_M_PROTEIN_2_KL64	6.3	40.000	20.8	692	39	58	653	430	449
5_KPN_B12_PHAGE073_M_PROTEIN_8_KL15	16_KPN_B12_PHAGE243_M_PROTEIN_2_KL64	9.0	43.750	20.0	692	414	429	653	503	518
5_KPN_B12_PHAGE073_M_PROTEIN_8_KL15	14_KPN_B7_PHAGE068_M_PROTEIN_7_KL57	1.78e-58	81.148	202	692	11	132	742	6	127
5_KPN_B12_PHAGE073_M_PROTEIN_8_KL15	11_KPN_B10_PHAGE005_M_PROTEIN_9_KL39	6.43e-48	69.466	173	692	11	141	909	6	132
5_KPN_B12_PHAGE073_M_PROTEIN_8_KL15	7_KPN_B8_PHAGE102_M_PROTEIN_13_KL2	8.16e-30	48.387	116	692	8	162	717	1	133
5_KPN_B12_PHAGE073_M_PROTEIN_8_KL15	7_KPN_B8_PHAGE102_M_PROTEIN_13_KL2	7.1	38.095	20.4	692	284	304	717	609	629
5_KPN_B12_PHAGE073_M_PROTEIN_8_KL15	1_KQQ_B1_PHAGE245_M_PROTEIN_8_KL1	3.11e-29	51.200	115	692	15	135	845	7	131
5_KPN_B12_PHAGE073_M_PROTEIN_8_KL15	8_KPN_B10_PHAGE037_M_PROTEIN_49_KL24	1.72e-27	56.881	109	692	34	142	732	22	122
5_KPN_B12_PHAGE073_M_PROTEIN_8_KL15	8_KPN_B10_PHAGE037_M_PROTEIN_49_KL24	6.1	31.373	20.8	692	4	54	732	103	143
5_KPN_B12_PHAGE073_M_PROTEIN_8_KL15	6_KPN_B4_PHAGE152_M_PROTEIN_6_KL16	1.03e-25	56.863	103	692	34	135	993	22	119
5_KPN_B12_PHAGE073_M_PROTEIN_8_KL15	19_164_08_KL2	1.16e-25	50.000	103	692	8	141	717	1	126
5_KPN_B12_PHAGE073_M_PROTEIN_8_KL15	19_164_08_KL2	7.1	38.095	20.4	692	284	304	717	609	629
5_KPN_B12_PHAGE073_M_PROTEIN_8_KL15	15_KPN_B9_PHAGE144_M_PROTEIN_14_KL6	2.37e-13	24.837	63.9	692	414	691	587	307	587
5_KPN_B12_PHAGE073_M_PROTEIN_8_KL15	9_KPN_B10_PHAGE366_M_PROTEIN_10_KL30	8.13e-12	65.306	59.3	692	93	141	875	213	257
5_KPN_B12_PHAGE073_M_PROTEIN_8_KL15	12_KPN_B17_PHAGE156_M_PROTEIN_70_KL48	3.63e-11	70.000	57.0	692	93	132	810	174	213
5_KPN_B12_PHAGE073_M_PROTEIN_8_KL15	4_KPN_B21_PHAGE08_M_PROTEIN_55_KL125	3.93e-11	52.113	57.0	692	73	140	1012	119	189
5_KPN_B12_PHAGE073_M_PROTEIN_8_KL15	13_KVV_B2_PHAGE172_L_PROTEIN_109_KL55	5.04e-09	49.123	50.1	692	79	133	926	154	210
5_KPN_B12_PHAGE073_M_PROTEIN_8_KL15	3_KPN_B18_PHAGE173_M_PROTEIN_13_KL111	3.92e-08	38.636	47.0	692	66	145	566	55	141
5_KPN_B12_PHAGE073_M_PROTEIN_8_KL15	3_KPN_B18_PHAGE173_M_PROTEIN_13_KL111	1.8	41.667	22.3	692	203	226	566	523	546
5_KPN_B12_PHAGE073_M_PROTEIN_8_KL15	3_KPN_B18_PHAGE173_M_PROTEIN_13_KL111	5.2	25.000	20.8	692	582	621	566	462	500
5_KPN_B12_PHAGE073_M_PROTEIN_8_KL15	22_QNO11465_DOT_1_K26	0.28	27.193	25.0	692	79	180	993	220	320
5_KPN_B12_PHAGE073_M_PROTEIN_8_KL15	20_174_38_KL55	3.8	25.309	21.2	692	22	159	839	50	203
6_KPN_B4_PHAGE152_M_PROTEIN_6_KL16	6_KPN_B4_PHAGE152_M_PROTEIN_6_KL16	0.0	100.000	2016	993	1	993	993	1	993
6_KPN_B4_PHAGE152_M_PROTEIN_6_KL16	8_KPN_B10_PHAGE037_M_PROTEIN_49_KL24	7.79e-65	85.606	224	993	1	125	732	1	132
6_KPN_B4_PHAGE152_M_PROTEIN_6_KL16	8_KPN_B10_PHAGE037_M_PROTEIN_49_KL24	0.026	25.610	28.9	993	548	629	732	94	175
6_KPN_B4_PHAGE152_M_PROTEIN_6_KL16	1_KQQ_B1_PHAGE245_M_PROTEIN_8_KL1	1.56e-54	28.281	196	993	291	983	845	149	833
6_KPN_B4_PHAGE152_M_PROTEIN_6_KL16	1_KQQ_B1_PHAGE245_M_PROTEIN_8_KL1	1.20e-39	40.299	149	993	15	257	845	19	286
6_KPN_B4_PHAGE152_M_PROTEIN_6_KL16	1_KQQ_B1_PHAGE245_M_PROTEIN_8_KL1	5.1	41.667	21.6	993	230	253	845	413	435
6_KPN_B4_PHAGE152_M_PROTEIN_6_KL16	7_KPN_B8_PHAGE102_M_PROTEIN_13_KL2	1.41e-51	75.214	185	993	3	119	717	4	120
6_KPN_B4_PHAGE152_M_PROTEIN_6_KL16	18_KPN_B18_PHAGE066_M_PROTEIN_10_KL8	1.15e-50	53.810	182	993	1	194	691	1	209
6_KPN_B4_PHAGE152_M_PROTEIN_6_KL16	19_164_08_KL2	4.54e-48	71.795	174	993	3	119	717	4	120
6_KPN_B4_PHAGE152_M_PROTEIN_6_KL16	11_KPN_B10_PHAGE005_M_PROTEIN_9_KL39	3.54e-46	37.135	170	993	638	993	909	537	904
6_KPN_B4_PHAGE152_M_PROTEIN_6_KL16	11_KPN_B10_PHAGE005_M_PROTEIN_9_KL39	5.08e-23	56.436	96.3	993	22	118	909	29	129
6_KPN_B4_PHAGE152_M_PROTEIN_6_KL16	2_KPN_B8_PHAGE150_M_PROTEIN_7_KL11	3.56e-32	56.800	125	993	1	119	724	1	125
6_KPN_B4_PHAGE152_M_PROTEIN_6_KL16	16_KPN_B12_PHAGE243_M_PROTEIN_2_KL64	8.80e-32	65.347	123	993	22	118	653	29	129
6_KPN_B4_PHAGE152_M_PROTEIN_6_KL16	16_KPN_B12_PHAGE243_M_PROTEIN_2_KL64	1.72e-17	23.952	78.2	993	661	974	653	328	635
6_KPN_B4_PHAGE152_M_PROTEIN_6_KL16	3_KPN_B18_PHAGE173_M_PROTEIN_13_KL111	3.97e-31	53.175	120	993	1	120	566	1	126
6_KPN_B4_PHAGE152_M_PROTEIN_6_KL16	14_KPN_B7_PHAGE068_M_PROTEIN_7_KL57	4.20e-29	62.376	115	993	22	118	742	29	129
6_KPN_B4_PHAGE152_M_PROTEIN_6_KL16	5_KPN_B12_PHAGE073_M_PROTEIN_8_KL15	1.49e-25	56.863	103	993	22	119	692	34	135
6_KPN_B4_PHAGE152_M_PROTEIN_6_KL16	9_KPN_B10_PHAGE366_M_PROTEIN_10_KL30	1.58e-14	86.842	68.9	993	77	114	875	213	250
6_KPN_B4_PHAGE152_M_PROTEIN_6_KL16	9_KPN_B10_PHAGE366_M_PROTEIN_10_KL30	8.0	29.032	20.8	993	293	354	875	373	429
6_KPN_B4_PHAGE152_M_PROTEIN_6_KL16	4_KPN_B21_PHAGE08_M_PROTEIN_55_KL125	3.07e-12	60.317	61.6	993	58	118	1012	120	182
6_KPN_B4_PHAGE152_M_PROTEIN_6_KL16	12_KPN_B17_PHAGE156_M_PROTEIN_70_KL48	6.90e-12	62.000	60.1	993	77	124	810	174	223
6_KPN_B4_PHAGE152_M_PROTEIN_6_KL16	13_KVV_B2_PHAGE172_L_PROTEIN_109_KL55	3.40e-09	53.704	51.6	993	63	114	926	154	207
6_KPN_B4_PHAGE152_M_PROTEIN_6_KL16	13_KVV_B2_PHAGE172_L_PROTEIN_109_KL55	3.4	41.026	21.9	993	208	244	926	736	774
6_KPN_B4_PHAGE152_M_PROTEIN_6_KL16	22_QNO11465_DOT_1_K26	0.014	37.879	30.0	993	63	123	993	220	273
6_KPN_B4_PHAGE152_M_PROTEIN_6_KL16	10_KPN_B6_PHAGE068_M_PROTEIN_90_KL35	1.5	32.500	23.1	993	746	783	482	409	448
7_KPN_B8_PHAGE102_M_PROTEIN_13_KL2	7_KPN_B8_PHAGE102_M_PROTEIN_13_KL2	0.0	100.000	1469	717	1	717	717	1	717
7_KPN_B8_PHAGE102_M_PROTEIN_13_KL2	19_164_08_KL2	0.0	96.792	1419	717	1	717	717	1	717
7_KPN_B8_PHAGE102_M_PROTEIN_13_KL2	8_KPN_B10_PHAGE037_M_PROTEIN_49_KL24	3.90e-173	42.779	506	717	4	705	732	3	721
7_KPN_B8_PHAGE102_M_PROTEIN_13_KL2	14_KPN_B7_PHAGE068_M_PROTEIN_7_KL57	2.71e-160	41.667	473	717	24	709	742	30	736
7_KPN_B8_PHAGE102_M_PROTEIN_13_KL2	17_KPN_B17_PHAGE521_M_PROTEIN_6_KL7	1.23e-141	39.183	425	717	88	711	753	92	747
7_KPN_B8_PHAGE102_M_PROTEIN_13_KL2	9_KPN_B10_PHAGE366_M_PROTEIN_10_KL30	1.38e-73	32.751	247	717	271	712	875	427	871
7_KPN_B8_PHAGE102_M_PROTEIN_13_KL2	9_KPN_B10_PHAGE366_M_PROTEIN_10_KL30	5.20e-15	65.385	69.7	717	78	129	875	213	264
7_KPN_B8_PHAGE102_M_PROTEIN_13_KL2	6_KPN_B4_PHAGE152_M_PROTEIN_6_KL16	1.17e-51	75.214	185	717	4	120	993	3	119
7_KPN_B8_PHAGE102_M_PROTEIN_13_KL2	18_KPN_B18_PHAGE066_M_PROTEIN_10_KL8	1.96e-44	62.222	161	717	4	134	691	3	137
7_KPN_B8_PHAGE102_M_PROTEIN_13_KL2	18_KPN_B18_PHAGE066_M_PROTEIN_10_KL8	2.9	29.091	21.9	717	510	563	691	203	250
7_KPN_B8_PHAGE102_M_PROTEIN_13_KL2	2_KPN_B8_PHAGE150_M_PROTEIN_7_KL11	1.01e-31	51.587	122	717	4	123	724	3	128
7_KPN_B8_PHAGE102_M_PROTEIN_13_KL2	3_KPN_B18_PHAGE173_M_PROTEIN_13_KL111	1.41e-31	52.459	121	717	4	119	566	3	124
7_KPN_B8_PHAGE102_M_PROTEIN_13_KL2	3_KPN_B18_PHAGE173_M_PROTEIN_13_KL111	9.6	40.000	20.0	717	322	346	566	141	165
7_KPN_B8_PHAGE102_M_PROTEIN_13_KL2	16_KPN_B12_PHAGE243_M_PROTEIN_2_KL64	4.13e-30	60.784	117	717	24	121	653	30	131
7_KPN_B8_PHAGE102_M_PROTEIN_13_KL2	5_KPN_B12_PHAGE073_M_PROTEIN_8_KL15	7.61e-30	48.387	116	717	1	133	692	8	162
7_KPN_B8_PHAGE102_M_PROTEIN_13_KL2	5_KPN_B12_PHAGE073_M_PROTEIN_8_KL15	7.7	38.095	20.4	717	609	629	692	284	304
7_KPN_B8_PHAGE102_M_PROTEIN_13_KL2	1_KQQ_B1_PHAGE245_M_PROTEIN_8_KL1	8.60e-30	58.559	117	717	18	120	845	21	131
7_KPN_B8_PHAGE102_M_PROTEIN_13_KL2	11_KPN_B10_PHAGE005_M_PROTEIN_9_KL39	2.67e-22	49.593	93.2	717	24	142	909	30	148
7_KPN_B8_PHAGE102_M_PROTEIN_13_KL2	12_KPN_B17_PHAGE156_M_PROTEIN_70_KL48	2.32e-14	55.000	67.4	717	77	132	810	173	232
7_KPN_B8_PHAGE102_M_PROTEIN_13_KL2	12_KPN_B17_PHAGE156_M_PROTEIN_70_KL48	0.019	21.154	28.9	717	381	584	810	491	692
7_KPN_B8_PHAGE102_M_PROTEIN_13_KL2	12_KPN_B17_PHAGE156_M_PROTEIN_70_KL48	8.8	34.783	20.4	717	259	281	810	625	647
7_KPN_B8_PHAGE102_M_PROTEIN_13_KL2	4_KPN_B21_PHAGE08_M_PROTEIN_55_KL125	8.39e-14	57.812	65.9	717	58	119	1012	119	182
7_KPN_B8_PHAGE102_M_PROTEIN_13_KL2	13_KVV_B2_PHAGE172_L_PROTEIN_109_KL55	1.02e-08	50.000	49.3	717	64	115	926	154	207
7_KPN_B8_PHAGE102_M_PROTEIN_13_KL2	22_QNO11465_DOT_1_K26	0.022	41.509	28.9	717	64	113	993	220	260
7_KPN_B8_PHAGE102_M_PROTEIN_13_KL2	22_QNO11465_DOT_1_K26	6.2	35.294	20.8	717	325	358	993	263	295
8_KPN_B10_PHAGE037_M_PROTEIN_49_KL24	8_KPN_B10_PHAGE037_M_PROTEIN_49_KL24	0.0	100.000	1499	732	1	732	732	1	732
8_KPN_B10_PHAGE037_M_PROTEIN_49_KL24	14_KPN_B7_PHAGE068_M_PROTEIN_7_KL57	0.0	54.825	746	732	22	728	742	29	739
8_KPN_B10_PHAGE037_M_PROTEIN_49_KL24	19_164_08_KL2	1.08e-165	42.041	486	732	3	721	717	4	705
8_KPN_B10_PHAGE037_M_PROTEIN_49_KL24	9_KPN_B10_PHAGE366_M_PROTEIN_10_KL30	8.78e-108	34.738	340	732	77	723	875	213	866
8_KPN_B10_PHAGE037_M_PROTEIN_49_KL24	7_KPN_B8_PHAGE102_M_PROTEIN_13_KL2	1.37e-105	42.922	330	732	292	721	717	270	705
8_KPN_B10_PHAGE037_M_PROTEIN_49_KL24	7_KPN_B8_PHAGE102_M_PROTEIN_13_KL2	4.80e-57	75.200	198	732	3	127	717	4	128
8_KPN_B10_PHAGE037_M_PROTEIN_49_KL24	17_KPN_B17_PHAGE521_M_PROTEIN_6_KL7	3.78e-105	43.584	330	732	285	725	753	295	745
8_KPN_B10_PHAGE037_M_PROTEIN_49_KL24	17_KPN_B17_PHAGE521_M_PROTEIN_6_KL7	9.8	52.941	20.0	732	436	452	753	110	126
8_KPN_B10_PHAGE037_M_PROTEIN_49_KL24	6_KPN_B4_PHAGE152_M_PROTEIN_6_KL16	5.86e-65	85.606	224	732	1	132	993	1	125
8_KPN_B10_PHAGE037_M_PROTEIN_49_KL24	6_KPN_B4_PHAGE152_M_PROTEIN_6_KL16	0.019	25.610	28.9	732	94	175	993	548	629
8_KPN_B10_PHAGE037_M_PROTEIN_49_KL24	18_KPN_B18_PHAGE066_M_PROTEIN_10_KL8	2.44e-49	70.229	176	732	1	127	691	1	131
8_KPN_B10_PHAGE037_M_PROTEIN_49_KL24	18_KPN_B18_PHAGE066_M_PROTEIN_10_KL8	0.56	33.333	24.3	732	607	665	691	446	511
8_KPN_B10_PHAGE037_M_PROTEIN_49_KL24	3_KPN_B18_PHAGE173_M_PROTEIN_13_KL111	9.53e-35	56.000	130	732	1	119	566	1	125
8_KPN_B10_PHAGE037_M_PROTEIN_49_KL24	1_KQQ_B1_PHAGE245_M_PROTEIN_8_KL1	1.28e-31	58.197	122	732	15	128	845	19	136
8_KPN_B10_PHAGE037_M_PROTEIN_49_KL24	2_KPN_B8_PHAGE150_M_PROTEIN_7_KL11	2.23e-31	54.688	121	732	1	122	724	1	128
8_KPN_B10_PHAGE037_M_PROTEIN_49_KL24	16_KPN_B12_PHAGE243_M_PROTEIN_2_KL64	1.33e-30	61.765	119	732	22	119	653	29	130
8_KPN_B10_PHAGE037_M_PROTEIN_49_KL24	5_KPN_B12_PHAGE073_M_PROTEIN_8_KL15	1.92e-27	56.881	109	732	22	122	692	34	142
8_KPN_B10_PHAGE037_M_PROTEIN_49_KL24	5_KPN_B12_PHAGE073_M_PROTEIN_8_KL15	6.8	31.373	20.8	732	103	143	692	4	54
8_KPN_B10_PHAGE037_M_PROTEIN_49_KL24	11_KPN_B10_PHAGE005_M_PROTEIN_9_KL39	2.31e-27	49.600	109	732	22	142	909	29	153
8_KPN_B10_PHAGE037_M_PROTEIN_49_KL24	4_KPN_B21_PHAGE08_M_PROTEIN_55_KL125	1.56e-12	57.812	61.6	732	57	118	1012	119	182
8_KPN_B10_PHAGE037_M_PROTEIN_49_KL24	4_KPN_B21_PHAGE08_M_PROTEIN_55_KL125	5.1	30.000	21.2	732	360	409	1012	488	537
8_KPN_B10_PHAGE037_M_PROTEIN_49_KL24	12_KPN_B17_PHAGE156_M_PROTEIN_70_KL48	2.34e-12	65.116	61.2	732	77	119	810	174	216
8_KPN_B10_PHAGE037_M_PROTEIN_49_KL24	12_KPN_B17_PHAGE156_M_PROTEIN_70_KL48	2.39e-04	25.000	35.0	732	423	599	810	515	691
8_KPN_B10_PHAGE037_M_PROTEIN_49_KL24	13_KVV_B2_PHAGE172_L_PROTEIN_109_KL55	7.72e-08	48.148	46.6	732	63	114	926	154	207
8_KPN_B10_PHAGE037_M_PROTEIN_49_KL24	13_KVV_B2_PHAGE172_L_PROTEIN_109_KL55	0.22	39.474	25.4	732	456	493	926	739	768
8_KPN_B10_PHAGE037_M_PROTEIN_49_KL24	13_KVV_B2_PHAGE172_L_PROTEIN_109_KL55	7.4	30.000	20.4	732	180	219	926	460	493
8_KPN_B10_PHAGE037_M_PROTEIN_49_KL24	22_QNO11465_DOT_1_K26	0.039	43.902	28.1	732	63	103	993	220	248
8_KPN_B10_PHAGE037_M_PROTEIN_49_KL24	22_QNO11465_DOT_1_K26	5.5	46.667	20.8	732	235	262	993	325	354
9_KPN_B10_PHAGE366_M_PROTEIN_10_KL30	9_KPN_B10_PHAGE366_M_PROTEIN_10_KL30	0.0	100.000	1798	875	1	875	875	1	875
9_KPN_B10_PHAGE366_M_PROTEIN_10_KL30	14_KPN_B7_PHAGE068_M_PROTEIN_7_KL57	8.59e-122	36.429	378	875	197	867	742	74	735
9_KPN_B10_PHAGE366_M_PROTEIN_10_KL30	14_KPN_B7_PHAGE068_M_PROTEIN_7_KL57	4.6	50.000	21.6	875	131	146	742	256	271
9_KPN_B10_PHAGE366_M_PROTEIN_10_KL30	8_KPN_B10_PHAGE037_M_PROTEIN_49_KL24	5.60e-109	35.085	343	875	197	866	732	63	723
9_KPN_B10_PHAGE366_M_PROTEIN_10_KL30	12_KPN_B17_PHAGE156_M_PROTEIN_70_KL48	4.71e-80	36.632	267	875	106	740	810	67	699
9_KPN_B10_PHAGE366_M_PROTEIN_10_KL30	19_164_08_KL2	1.22e-75	32.969	253	875	427	871	717	271	712
9_KPN_B10_PHAGE366_M_PROTEIN_10_KL30	19_164_08_KL2	3.99e-15	47.423	70.5	875	197	293	717	64	148
9_KPN_B10_PHAGE366_M_PROTEIN_10_KL30	19_164_08_KL2	6.5	28.571	20.8	875	136	223	717	66	149
9_KPN_B10_PHAGE366_M_PROTEIN_10_KL30	7_KPN_B8_PHAGE102_M_PROTEIN_13_KL2	2.42e-73	32.751	247	875	427	871	717	271	712
9_KPN_B10_PHAGE366_M_PROTEIN_10_KL30	7_KPN_B8_PHAGE102_M_PROTEIN_13_KL2	4.36e-18	61.765	79.7	875	197	264	717	64	129
9_KPN_B10_PHAGE366_M_PROTEIN_10_KL30	17_KPN_B17_PHAGE521_M_PROTEIN_6_KL7	4.53e-71	28.021	241	875	133	869	753	63	746
9_KPN_B10_PHAGE366_M_PROTEIN_10_KL30	4_KPN_B21_PHAGE08_M_PROTEIN_55_KL125	2.14e-31	58.537	123	875	132	254	1012	60	182
9_KPN_B10_PHAGE366_M_PROTEIN_10_KL30	13_KVV_B2_PHAGE172_L_PROTEIN_109_KL55	6.68e-25	46.825	102	875	125	250	926	89	207
9_KPN_B10_PHAGE366_M_PROTEIN_10_KL30	13_KVV_B2_PHAGE172_L_PROTEIN_109_KL55	3.0	23.832	21.9	875	32	239	926	88	262
9_KPN_B10_PHAGE366_M_PROTEIN_10_KL30	13_KVV_B2_PHAGE172_L_PROTEIN_109_KL55	3.6	24.038	21.9	875	606	703	926	669	764
9_KPN_B10_PHAGE366_M_PROTEIN_10_KL30	16_KPN_B12_PHAGE243_M_PROTEIN_2_KL64	3.24e-22	47.059	92.8	875	197	315	653	74	184
9_KPN_B10_PHAGE366_M_PROTEIN_10_KL30	1_KQQ_B1_PHAGE245_M_PROTEIN_8_KL1	4.66e-20	68.571	86.3	875	197	266	845	75	138
9_KPN_B10_PHAGE366_M_PROTEIN_10_KL30	6_KPN_B4_PHAGE152_M_PROTEIN_6_KL16	8.86e-18	75.926	79.3	875	197	250	993	63	114
9_KPN_B10_PHAGE366_M_PROTEIN_10_KL30	6_KPN_B4_PHAGE152_M_PROTEIN_6_KL16	7.0	29.032	20.8	875	373	429	993	293	354
9_KPN_B10_PHAGE366_M_PROTEIN_10_KL30	5_KPN_B12_PHAGE073_M_PROTEIN_8_KL15	1.09e-14	61.538	68.9	875	197	257	692	79	141
9_KPN_B10_PHAGE366_M_PROTEIN_10_KL30	18_KPN_B18_PHAGE066_M_PROTEIN_10_KL8	5.09e-12	50.000	60.1	875	197	264	691	67	132
9_KPN_B10_PHAGE366_M_PROTEIN_10_KL30	11_KPN_B10_PHAGE005_M_PROTEIN_9_KL39	8.19e-11	52.459	56.6	875	197	257	909	74	132
9_KPN_B10_PHAGE366_M_PROTEIN_10_KL30	11_KPN_B10_PHAGE005_M_PROTEIN_9_KL39	2.5	26.250	22.3	875	750	826	909	663	741
9_KPN_B10_PHAGE366_M_PROTEIN_10_KL30	2_KPN_B8_PHAGE150_M_PROTEIN_7_KL11	1.39e-10	47.761	55.5	875	191	257	724	61	127
9_KPN_B10_PHAGE366_M_PROTEIN_10_KL30	3_KPN_B18_PHAGE173_M_PROTEIN_13_KL111	1.96e-10	41.667	55.1	875	172	255	566	46	125
9_KPN_B10_PHAGE366_M_PROTEIN_10_KL30	15_KPN_B9_PHAGE144_M_PROTEIN_14_KL6	1.38e-09	40.000	52.4	875	108	200	587	35	127
9_KPN_B10_PHAGE366_M_PROTEIN_10_KL30	15_KPN_B9_PHAGE144_M_PROTEIN_14_KL6	0.033	40.909	28.5	875	364	406	587	175	213
9_KPN_B10_PHAGE366_M_PROTEIN_10_KL30	15_KPN_B9_PHAGE144_M_PROTEIN_14_KL6	0.51	31.034	24.6	875	647	675	587	423	451
9_KPN_B10_PHAGE366_M_PROTEIN_10_KL30	20_174_38_KL55	0.020	27.907	29.3	875	108	234	839	35	157
9_KPN_B10_PHAGE366_M_PROTEIN_10_KL30	22_QNO11465_DOT_1_K26	6.5	42.424	20.8	875	180	208	993	199	231
10_KPN_B6_PHAGE068_M_PROTEIN_90_KL35	10_KPN_B6_PHAGE068_M_PROTEIN_90_KL35	0.0	100.000	994	482	1	482	482	1	482
10_KPN_B6_PHAGE068_M_PROTEIN_90_KL35	2_KPN_B8_PHAGE150_M_PROTEIN_7_KL11	5.20e-114	42.259	344	482	15	481	724	270	724
10_KPN_B6_PHAGE068_M_PROTEIN_90_KL35	2_KPN_B8_PHAGE150_M_PROTEIN_7_KL11	0.005	30.986	30.0	482	33	101	724	126	192
10_KPN_B6_PHAGE068_M_PROTEIN_90_KL35	18_KPN_B18_PHAGE066_M_PROTEIN_10_KL8	2.69e-87	43.305	274	482	133	481	691	343	691
10_KPN_B6_PHAGE068_M_PROTEIN_90_KL35	5_KPN_B12_PHAGE073_M_PROTEIN_8_KL15	4.31e-74	34.906	239	482	77	481	692	275	692
10_KPN_B6_PHAGE068_M_PROTEIN_90_KL35	15_KPN_B9_PHAGE144_M_PROTEIN_14_KL6	1.58e-16	26.174	73.2	482	213	480	587	307	587
10_KPN_B6_PHAGE068_M_PROTEIN_90_KL35	3_KPN_B18_PHAGE173_M_PROTEIN_13_KL111	8.67e-10	23.077	51.6	482	166	410	566	260	500
10_KPN_B6_PHAGE068_M_PROTEIN_90_KL35	6_KPN_B4_PHAGE152_M_PROTEIN_6_KL16	0.77	32.500	23.1	482	409	448	993	746	783
10_KPN_B6_PHAGE068_M_PROTEIN_90_KL35	14_KPN_B7_PHAGE068_M_PROTEIN_7_KL57	1.2	21.296	22.3	482	330	427	742	421	523
10_KPN_B6_PHAGE068_M_PROTEIN_90_KL35	11_KPN_B10_PHAGE005_M_PROTEIN_9_KL39	2.0	40.625	21.6	482	7	37	909	777	808
10_KPN_B6_PHAGE068_M_PROTEIN_90_KL35	1_KQQ_B1_PHAGE245_M_PROTEIN_8_KL1	4.1	26.316	20.8	482	131	203	845	358	431
10_KPN_B6_PHAGE068_M_PROTEIN_90_KL35	22_QNO11465_DOT_1_K26	4.2	50.000	20.8	482	400	413	993	546	559
10_KPN_B6_PHAGE068_M_PROTEIN_90_KL35	13_KVV_B2_PHAGE172_L_PROTEIN_109_KL55	6.4	50.000	20.0	482	148	161	926	711	724
10_KPN_B6_PHAGE068_M_PROTEIN_90_KL35	20_174_38_KL55	8.6	24.503	19.6	482	177	312	839	238	378
11_KPN_B10_PHAGE005_M_PROTEIN_9_KL39	11_KPN_B10_PHAGE005_M_PROTEIN_9_KL39	0.0	100.000	1858	909	1	909	909	1	909
11_KPN_B10_PHAGE005_M_PROTEIN_9_KL39	1_KQQ_B1_PHAGE245_M_PROTEIN_8_KL1	1.04e-63	33.645	222	909	406	904	845	339	842
11_KPN_B10_PHAGE005_M_PROTEIN_9_KL39	1_KQQ_B1_PHAGE245_M_PROTEIN_8_KL1	1.33e-27	47.586	110	909	10	148	845	7	150
11_KPN_B10_PHAGE005_M_PROTEIN_9_KL39	1_KQQ_B1_PHAGE245_M_PROTEIN_8_KL1	1.11e-14	36.800	68.9	909	263	381	845	332	455
11_KPN_B10_PHAGE005_M_PROTEIN_9_KL39	1_KQQ_B1_PHAGE245_M_PROTEIN_8_KL1	1.53e-04	28.125	36.2	909	144	259	845	342	463
11_KPN_B10_PHAGE005_M_PROTEIN_9_KL39	16_KPN_B12_PHAGE243_M_PROTEIN_2_KL64	4.44e-59	78.462	205	909	1	130	653	1	130
11_KPN_B10_PHAGE005_M_PROTEIN_9_KL39	16_KPN_B12_PHAGE243_M_PROTEIN_2_KL64	1.46e-08	25.389	48.9	909	680	872	653	448	622
11_KPN_B10_PHAGE005_M_PROTEIN_9_KL39	16_KPN_B12_PHAGE243_M_PROTEIN_2_KL64	7.8	45.000	20.8	909	34	53	653	430	449
11_KPN_B10_PHAGE005_M_PROTEIN_9_KL39	14_KPN_B7_PHAGE068_M_PROTEIN_7_KL57	8.35e-58	79.070	203	909	1	129	742	1	129
11_KPN_B10_PHAGE005_M_PROTEIN_9_KL39	14_KPN_B7_PHAGE068_M_PROTEIN_7_KL57	3.0	32.000	21.9	909	408	432	742	190	214
11_KPN_B10_PHAGE005_M_PROTEIN_9_KL39	5_KPN_B12_PHAGE073_M_PROTEIN_8_KL15	8.68e-48	69.466	173	909	6	132	692	11	141
11_KPN_B10_PHAGE005_M_PROTEIN_9_KL39	6_KPN_B4_PHAGE152_M_PROTEIN_6_KL16	3.60e-46	37.057	170	909	545	904	993	648	993
11_KPN_B10_PHAGE005_M_PROTEIN_9_KL39	6_KPN_B4_PHAGE152_M_PROTEIN_6_KL16	4.61e-23	56.436	96.3	909	29	129	993	22	118
11_KPN_B10_PHAGE005_M_PROTEIN_9_KL39	18_KPN_B18_PHAGE066_M_PROTEIN_10_KL8	5.60e-28	53.333	111	909	29	143	691	22	141
11_KPN_B10_PHAGE005_M_PROTEIN_9_KL39	18_KPN_B18_PHAGE066_M_PROTEIN_10_KL8	5.7	30.769	21.2	909	155	205	691	265	314
11_KPN_B10_PHAGE005_M_PROTEIN_9_KL39	8_KPN_B10_PHAGE037_M_PROTEIN_49_KL24	2.82e-27	49.600	109	909	29	153	732	22	142
11_KPN_B10_PHAGE005_M_PROTEIN_9_KL39	19_164_08_KL2	8.29e-23	50.407	95.1	909	30	148	717	24	142
11_KPN_B10_PHAGE005_M_PROTEIN_9_KL39	7_KPN_B8_PHAGE102_M_PROTEIN_13_KL2	3.39e-22	49.593	93.2	909	30	148	717	24	142
11_KPN_B10_PHAGE005_M_PROTEIN_9_KL39	3_KPN_B18_PHAGE173_M_PROTEIN_13_KL111	2.17e-13	33.333	64.7	909	6	138	566	3	133
11_KPN_B10_PHAGE005_M_PROTEIN_9_KL39	2_KPN_B8_PHAGE150_M_PROTEIN_7_KL11	2.34e-10	35.849	55.1	909	29	132	724	22	127
11_KPN_B10_PHAGE005_M_PROTEIN_9_KL39	9_KPN_B10_PHAGE366_M_PROTEIN_10_KL30	8.23e-09	57.778	50.1	909	88	132	875	213	257
11_KPN_B10_PHAGE005_M_PROTEIN_9_KL39	9_KPN_B10_PHAGE366_M_PROTEIN_10_KL30	3.1	26.250	21.9	909	663	741	875	750	826
11_KPN_B10_PHAGE005_M_PROTEIN_9_KL39	13_KVV_B2_PHAGE172_L_PROTEIN_109_KL55	3.80e-07	46.296	44.7	909	74	125	926	154	207
11_KPN_B10_PHAGE005_M_PROTEIN_9_KL39	4_KPN_B21_PHAGE08_M_PROTEIN_55_KL125	3.77e-06	47.619	41.6	909	88	129	1012	141	182
11_KPN_B10_PHAGE005_M_PROTEIN_9_KL39	4_KPN_B21_PHAGE08_M_PROTEIN_55_KL125	3.3	30.769	21.9	909	66	109	1012	49	100
11_KPN_B10_PHAGE005_M_PROTEIN_9_KL39	12_KPN_B17_PHAGE156_M_PROTEIN_70_KL48	4.94e-06	46.512	40.8	909	88	130	810	174	216
11_KPN_B10_PHAGE005_M_PROTEIN_9_KL39	22_QNO11465_DOT_1_K26	0.15	60.000	26.2	909	74	93	993	220	239
11_KPN_B10_PHAGE005_M_PROTEIN_9_KL39	17_KPN_B17_PHAGE521_M_PROTEIN_6_KL7	0.64	26.000	24.3	909	110	159	753	203	242
11_KPN_B10_PHAGE005_M_PROTEIN_9_KL39	21_YP_004782195_DOT_1	1.5	28.169	23.1	909	587	654	851	330	377
11_KPN_B10_PHAGE005_M_PROTEIN_9_KL39	10_KPN_B6_PHAGE068_M_PROTEIN_90_KL35	3.7	40.625	21.6	909	777	808	482	7	37
12_KPN_B17_PHAGE156_M_PROTEIN_70_KL48	12_KPN_B17_PHAGE156_M_PROTEIN_70_KL48	0.0	100.000	1649	810	1	810	810	1	810
12_KPN_B17_PHAGE156_M_PROTEIN_70_KL48	9_KPN_B10_PHAGE366_M_PROTEIN_10_KL30	4.40e-77	36.801	259	810	84	683	875	123	727
12_KPN_B17_PHAGE156_M_PROTEIN_70_KL48	4_KPN_B21_PHAGE08_M_PROTEIN_55_KL125	7.79e-28	54.472	111	810	93	215	1012	60	182
12_KPN_B17_PHAGE156_M_PROTEIN_70_KL48	14_KPN_B7_PHAGE068_M_PROTEIN_7_KL57	7.76e-25	25.473	101	810	158	699	742	74	618
12_KPN_B17_PHAGE156_M_PROTEIN_70_KL48	14_KPN_B7_PHAGE068_M_PROTEIN_7_KL57	4.7	50.000	21.2	810	92	107	742	256	271
12_KPN_B17_PHAGE156_M_PROTEIN_70_KL48	13_KVV_B2_PHAGE172_L_PROTEIN_109_KL55	9.59e-24	45.902	98.2	810	86	207	926	89	203
12_KPN_B17_PHAGE156_M_PROTEIN_70_KL48	13_KVV_B2_PHAGE172_L_PROTEIN_109_KL55	2.5	28.302	22.3	810	685	734	926	741	793
12_KPN_B17_PHAGE156_M_PROTEIN_70_KL48	1_KQQ_B1_PHAGE245_M_PROTEIN_8_KL1	4.73e-18	55.000	79.7	810	158	230	845	75	152
12_KPN_B17_PHAGE156_M_PROTEIN_70_KL48	16_KPN_B12_PHAGE243_M_PROTEIN_2_KL64	5.08e-18	53.165	79.3	810	158	236	653	74	150
12_KPN_B17_PHAGE156_M_PROTEIN_70_KL48	16_KPN_B12_PHAGE243_M_PROTEIN_2_KL64	6.3	77.778	20.8	810	754	762	653	333	341
12_KPN_B17_PHAGE156_M_PROTEIN_70_KL48	7_KPN_B8_PHAGE102_M_PROTEIN_13_KL2	1.66e-17	54.667	77.8	810	158	232	717	64	132
12_KPN_B17_PHAGE156_M_PROTEIN_70_KL48	7_KPN_B8_PHAGE102_M_PROTEIN_13_KL2	0.034	21.154	28.1	810	491	692	717	381	584
12_KPN_B17_PHAGE156_M_PROTEIN_70_KL48	8_KPN_B10_PHAGE037_M_PROTEIN_49_KL24	1.42e-15	61.017	71.6	810	158	216	732	63	119
12_KPN_B17_PHAGE156_M_PROTEIN_70_KL48	8_KPN_B10_PHAGE037_M_PROTEIN_49_KL24	4.08e-04	25.000	34.7	810	515	691	732	423	599
12_KPN_B17_PHAGE156_M_PROTEIN_70_KL48	6_KPN_B4_PHAGE152_M_PROTEIN_6_KL16	2.58e-15	59.091	70.9	810	158	223	993	63	124
12_KPN_B17_PHAGE156_M_PROTEIN_70_KL48	19_164_08_KL2	2.69e-14	53.623	67.4	810	158	226	717	64	130
12_KPN_B17_PHAGE156_M_PROTEIN_70_KL48	19_164_08_KL2	0.17	20.673	26.2	810	491	692	717	381	584
12_KPN_B17_PHAGE156_M_PROTEIN_70_KL48	5_KPN_B12_PHAGE073_M_PROTEIN_8_KL15	4.37e-14	64.286	66.6	810	158	213	692	79	132
12_KPN_B17_PHAGE156_M_PROTEIN_70_KL48	18_KPN_B18_PHAGE066_M_PROTEIN_10_KL8	5.33e-12	53.623	60.1	810	158	226	691	67	133
12_KPN_B17_PHAGE156_M_PROTEIN_70_KL48	2_KPN_B8_PHAGE150_M_PROTEIN_7_KL11	7.43e-11	35.616	56.2	810	152	287	724	61	196
12_KPN_B17_PHAGE156_M_PROTEIN_70_KL48	17_KPN_B17_PHAGE521_M_PROTEIN_6_KL7	1.54e-10	43.023	55.5	810	94	175	753	63	148
12_KPN_B17_PHAGE156_M_PROTEIN_70_KL48	17_KPN_B17_PHAGE521_M_PROTEIN_6_KL7	0.007	21.598	30.4	810	390	683	753	293	610
12_KPN_B17_PHAGE156_M_PROTEIN_70_KL48	3_KPN_B18_PHAGE173_M_PROTEIN_13_KL111	2.14e-10	39.080	54.7	810	131	216	566	43	125
12_KPN_B17_PHAGE156_M_PROTEIN_70_KL48	11_KPN_B10_PHAGE005_M_PROTEIN_9_KL39	3.35e-08	44.068	47.8	810	158	216	909	74	130
12_KPN_B17_PHAGE156_M_PROTEIN_70_KL48	15_KPN_B9_PHAGE144_M_PROTEIN_14_KL6	2.13e-07	39.437	45.1	810	93	161	587	57	127
12_KPN_B17_PHAGE156_M_PROTEIN_70_KL48	20_174_38_KL55	0.038	27.966	28.1	810	108	223	839	68	185
12_KPN_B17_PHAGE156_M_PROTEIN_70_KL48	22_QNO11465_DOT_1_K26	0.46	31.868	24.6	810	141	224	993	199	275
13_KVV_B2_PHAGE172_L_PROTEIN_109_KL55	13_KVV_B2_PHAGE172_L_PROTEIN_109_KL55	0.0	100.000	1866	926	1	926	926	1	926
13_KVV_B2_PHAGE172_L_PROTEIN_109_KL55	20_174_38_KL55	0.0	61.898	890	926	191	923	839	94	836
13_KVV_B2_PHAGE172_L_PROTEIN_109_KL55	20_174_38_KL55	4.54e-12	29.389	60.8	926	68	320	839	230	440
13_KVV_B2_PHAGE172_L_PROTEIN_109_KL55	20_174_38_KL55	0.011	36.111	30.0	926	105	140	839	69	104
13_KVV_B2_PHAGE172_L_PROTEIN_109_KL55	12_KPN_B17_PHAGE156_M_PROTEIN_70_KL48	8.13e-23	42.208	95.5	926	57	203	810	54	207
13_KVV_B2_PHAGE172_L_PROTEIN_109_KL55	12_KPN_B17_PHAGE156_M_PROTEIN_70_KL48	1.6	28.302	23.1	926	741	793	810	685	734
13_KVV_B2_PHAGE172_L_PROTEIN_109_KL55	9_KPN_B10_PHAGE366_M_PROTEIN_10_KL30	3.33e-21	46.825	90.5	926	89	207	875	125	250
13_KVV_B2_PHAGE172_L_PROTEIN_109_KL55	9_KPN_B10_PHAGE366_M_PROTEIN_10_KL30	0.98	44.898	23.9	926	64	105	875	13	56
13_KVV_B2_PHAGE172_L_PROTEIN_109_KL55	9_KPN_B10_PHAGE366_M_PROTEIN_10_KL30	7.5	24.038	20.8	926	669	764	875	606	703
13_KVV_B2_PHAGE172_L_PROTEIN_109_KL55	4_KPN_B21_PHAGE08_M_PROTEIN_55_KL125	1.75e-18	50.000	81.6	926	102	207	1012	73	178
13_KVV_B2_PHAGE172_L_PROTEIN_109_KL55	4_KPN_B21_PHAGE08_M_PROTEIN_55_KL125	5.2	36.000	21.6	926	877	922	1012	369	409
13_KVV_B2_PHAGE172_L_PROTEIN_109_KL55	19_164_08_KL2	9.93e-12	55.556	59.3	926	154	207	717	64	115
13_KVV_B2_PHAGE172_L_PROTEIN_109_KL55	18_KPN_B18_PHAGE066_M_PROTEIN_10_KL8	1.07e-11	39.252	59.3	926	101	207	691	17	118
13_KVV_B2_PHAGE172_L_PROTEIN_109_KL55	3_KPN_B18_PHAGE173_M_PROTEIN_13_KL111	1.56e-10	38.318	55.5	926	101	207	566	17	120
13_KVV_B2_PHAGE172_L_PROTEIN_109_KL55	1_KQQ_B1_PHAGE245_M_PROTEIN_8_KL1	6.88e-10	45.783	53.5	926	154	236	845	75	150
13_KVV_B2_PHAGE172_L_PROTEIN_109_KL55	1_KQQ_B1_PHAGE245_M_PROTEIN_8_KL1	1.6	42.105	23.1	926	645	663	845	366	384
13_KVV_B2_PHAGE172_L_PROTEIN_109_KL55	16_KPN_B12_PHAGE243_M_PROTEIN_2_KL64	9.46e-10	53.704	53.1	926	154	207	653	74	125
13_KVV_B2_PHAGE172_L_PROTEIN_109_KL55	2_KPN_B8_PHAGE150_M_PROTEIN_7_KL11	1.32e-09	34.821	52.8	926	94	205	724	17	118
13_KVV_B2_PHAGE172_L_PROTEIN_109_KL55	6_KPN_B4_PHAGE152_M_PROTEIN_6_KL16	3.39e-09	53.704	51.2	926	154	207	993	63	114
13_KVV_B2_PHAGE172_L_PROTEIN_109_KL55	6_KPN_B4_PHAGE152_M_PROTEIN_6_KL16	4.4	41.026	21.6	926	736	774	993	208	244
13_KVV_B2_PHAGE172_L_PROTEIN_109_KL55	14_KPN_B7_PHAGE068_M_PROTEIN_7_KL57	6.35e-09	50.000	50.4	926	154	207	742	74	125
13_KVV_B2_PHAGE172_L_PROTEIN_109_KL55	14_KPN_B7_PHAGE068_M_PROTEIN_7_KL57	0.53	29.167	24.6	926	97	165	742	77	145
13_KVV_B2_PHAGE172_L_PROTEIN_109_KL55	5_KPN_B12_PHAGE073_M_PROTEIN_8_KL15	7.86e-09	49.123	50.1	926	154	210	692	79	133
13_KVV_B2_PHAGE172_L_PROTEIN_109_KL55	7_KPN_B8_PHAGE102_M_PROTEIN_13_KL2	1.54e-08	50.000	49.3	926	154	207	717	64	115
13_KVV_B2_PHAGE172_L_PROTEIN_109_KL55	8_KPN_B10_PHAGE037_M_PROTEIN_49_KL24	1.40e-07	48.148	45.8	926	154	207	732	63	114
13_KVV_B2_PHAGE172_L_PROTEIN_109_KL55	8_KPN_B10_PHAGE037_M_PROTEIN_49_KL24	0.29	39.474	25.4	926	739	768	732	456	493
13_KVV_B2_PHAGE172_L_PROTEIN_109_KL55	8_KPN_B10_PHAGE037_M_PROTEIN_49_KL24	8.4	30.000	20.8	926	460	493	732	180	219
13_KVV_B2_PHAGE172_L_PROTEIN_109_KL55	11_KPN_B10_PHAGE005_M_PROTEIN_9_KL39	3.84e-07	46.296	44.7	926	154	207	909	74	125
13_KVV_B2_PHAGE172_L_PROTEIN_109_KL55	17_KPN_B17_PHAGE521_M_PROTEIN_6_KL7	4.88e-06	44.444	40.8	926	102	155	753	75	127
13_KVV_B2_PHAGE172_L_PROTEIN_109_KL55	15_KPN_B9_PHAGE144_M_PROTEIN_14_KL6	0.054	37.778	27.7	926	102	144	587	70	114
13_KVV_B2_PHAGE172_L_PROTEIN_109_KL55	22_QNO11465_DOT_1_K26	0.25	40.000	25.8	926	417	456	993	646	678
13_KVV_B2_PHAGE172_L_PROTEIN_109_KL55	22_QNO11465_DOT_1_K26	2.4	35.849	22.3	926	213	264	993	650	698
13_KVV_B2_PHAGE172_L_PROTEIN_109_KL55	22_QNO11465_DOT_1_K26	6.5	66.667	21.2	926	892	900	993	973	981
14_KPN_B7_PHAGE068_M_PROTEIN_7_KL57	14_KPN_B7_PHAGE068_M_PROTEIN_7_KL57	0.0	100.000	1529	742	1	742	742	1	742
14_KPN_B7_PHAGE068_M_PROTEIN_7_KL57	8_KPN_B10_PHAGE037_M_PROTEIN_49_KL24	0.0	54.825	753	742	29	739	732	22	728
14_KPN_B7_PHAGE068_M_PROTEIN_7_KL57	7_KPN_B8_PHAGE102_M_PROTEIN_13_KL2	3.57e-157	41.806	465	742	30	736	717	24	709
14_KPN_B7_PHAGE068_M_PROTEIN_7_KL57	19_164_08_KL2	3.85e-157	41.667	465	742	30	736	717	24	709
14_KPN_B7_PHAGE068_M_PROTEIN_7_KL57	9_KPN_B10_PHAGE366_M_PROTEIN_10_KL30	6.04e-126	36.257	389	742	88	735	875	213	867
14_KPN_B7_PHAGE068_M_PROTEIN_7_KL57	9_KPN_B10_PHAGE366_M_PROTEIN_10_KL30	4.0	50.000	21.6	742	256	271	875	131	146
14_KPN_B7_PHAGE068_M_PROTEIN_7_KL57	17_KPN_B17_PHAGE521_M_PROTEIN_6_KL7	2.72e-123	35.860	378	742	76	736	753	66	745
14_KPN_B7_PHAGE068_M_PROTEIN_7_KL57	16_KPN_B12_PHAGE243_M_PROTEIN_2_KL64	5.69e-73	80.667	242	742	1	150	653	1	149
14_KPN_B7_PHAGE068_M_PROTEIN_7_KL57	16_KPN_B12_PHAGE243_M_PROTEIN_2_KL64	3.4	45.000	21.6	742	34	53	653	430	449
14_KPN_B7_PHAGE068_M_PROTEIN_7_KL57	16_KPN_B12_PHAGE243_M_PROTEIN_2_KL64	6.9	32.609	20.4	742	244	287	653	424	468
14_KPN_B7_PHAGE068_M_PROTEIN_7_KL57	5_KPN_B12_PHAGE073_M_PROTEIN_8_KL15	1.83e-58	81.148	202	742	6	127	692	11	132
14_KPN_B7_PHAGE068_M_PROTEIN_7_KL57	11_KPN_B10_PHAGE005_M_PROTEIN_9_KL39	6.82e-58	79.070	203	742	1	129	909	1	129
14_KPN_B7_PHAGE068_M_PROTEIN_7_KL57	11_KPN_B10_PHAGE005_M_PROTEIN_9_KL39	2.1	27.083	22.3	742	167	214	909	391	432
14_KPN_B7_PHAGE068_M_PROTEIN_7_KL57	1_KQQ_B1_PHAGE245_M_PROTEIN_8_KL1	5.83e-36	58.140	136	742	10	134	845	7	135
14_KPN_B7_PHAGE068_M_PROTEIN_7_KL57	18_KPN_B18_PHAGE066_M_PROTEIN_10_KL8	3.36e-30	61.386	117	742	29	129	691	22	122
14_KPN_B7_PHAGE068_M_PROTEIN_7_KL57	6_KPN_B4_PHAGE152_M_PROTEIN_6_KL16	2.98e-29	62.376	115	742	29	129	993	22	118
14_KPN_B7_PHAGE068_M_PROTEIN_7_KL57	12_KPN_B17_PHAGE156_M_PROTEIN_70_KL48	1.26e-24	25.090	100	742	87	618	810	173	699
14_KPN_B7_PHAGE068_M_PROTEIN_7_KL57	12_KPN_B17_PHAGE156_M_PROTEIN_70_KL48	4.5	50.000	21.2	742	256	271	810	92	107
14_KPN_B7_PHAGE068_M_PROTEIN_7_KL57	4_KPN_B21_PHAGE08_M_PROTEIN_55_KL125	2.34e-14	49.398	67.8	742	68	147	1012	119	201
14_KPN_B7_PHAGE068_M_PROTEIN_7_KL57	2_KPN_B8_PHAGE150_M_PROTEIN_7_KL11	1.81e-12	34.400	61.2	742	29	146	724	22	146
14_KPN_B7_PHAGE068_M_PROTEIN_7_KL57	3_KPN_B18_PHAGE173_M_PROTEIN_13_KL111	4.50e-12	36.893	60.1	742	29	129	566	22	124
14_KPN_B7_PHAGE068_M_PROTEIN_7_KL57	13_KVV_B2_PHAGE172_L_PROTEIN_109_KL55	5.13e-09	50.000	50.4	742	74	125	926	154	207
14_KPN_B7_PHAGE068_M_PROTEIN_7_KL57	13_KVV_B2_PHAGE172_L_PROTEIN_109_KL55	0.32	29.167	25.0	742	77	145	926	97	165
14_KPN_B7_PHAGE068_M_PROTEIN_7_KL57	13_KVV_B2_PHAGE172_L_PROTEIN_109_KL55	8.9	30.612	20.4	742	468	516	926	363	409
14_KPN_B7_PHAGE068_M_PROTEIN_7_KL57	22_QNO11465_DOT_1_K26	0.034	32.292	28.1	742	74	157	993	220	302
14_KPN_B7_PHAGE068_M_PROTEIN_7_KL57	22_QNO11465_DOT_1_K26	1.2	23.288	23.1	742	256	327	993	808	880
14_KPN_B7_PHAGE068_M_PROTEIN_7_KL57	10_KPN_B6_PHAGE068_M_PROTEIN_90_KL35	1.5	21.296	22.7	742	421	523	482	330	427
15_KPN_B9_PHAGE144_M_PROTEIN_14_KL6	15_KPN_B9_PHAGE144_M_PROTEIN_14_KL6	0.0	100.000	1207	587	1	587	587	1	587
15_KPN_B9_PHAGE144_M_PROTEIN_14_KL6	17_KPN_B17_PHAGE521_M_PROTEIN_6_KL7	4.22e-24	43.609	97.8	587	1	126	753	1	129
15_KPN_B9_PHAGE144_M_PROTEIN_14_KL6	2_KPN_B8_PHAGE150_M_PROTEIN_7_KL11	8.14e-20	28.464	84.3	587	307	566	724	450	686
15_KPN_B9_PHAGE144_M_PROTEIN_14_KL6	2_KPN_B8_PHAGE150_M_PROTEIN_7_KL11	3.1	33.333	21.6	587	160	192	724	517	549
15_KPN_B9_PHAGE144_M_PROTEIN_14_KL6	20_174_38_KL55	4.12e-17	40.000	75.9	587	1	113	839	1	107
15_KPN_B9_PHAGE144_M_PROTEIN_14_KL6	10_KPN_B6_PHAGE068_M_PROTEIN_90_KL35	1.92e-16	26.174	73.2	587	307	587	482	213	480
15_KPN_B9_PHAGE144_M_PROTEIN_14_KL6	4_KPN_B21_PHAGE08_M_PROTEIN_55_KL125	1.30e-15	48.611	71.2	587	31	102	1012	34	105
15_KPN_B9_PHAGE144_M_PROTEIN_14_KL6	4_KPN_B21_PHAGE08_M_PROTEIN_55_KL125	4.2	31.579	21.2	587	391	428	1012	722	755
15_KPN_B9_PHAGE144_M_PROTEIN_14_KL6	4_KPN_B21_PHAGE08_M_PROTEIN_55_KL125	6.3	27.027	20.4	587	150	186	1012	942	976
15_KPN_B9_PHAGE144_M_PROTEIN_14_KL6	5_KPN_B12_PHAGE073_M_PROTEIN_8_KL15	2.01e-13	24.837	63.9	587	307	587	692	414	691
15_KPN_B9_PHAGE144_M_PROTEIN_14_KL6	18_KPN_B18_PHAGE066_M_PROTEIN_10_KL8	9.78e-09	27.609	48.9	587	307	587	691	423	690
15_KPN_B9_PHAGE144_M_PROTEIN_14_KL6	18_KPN_B18_PHAGE066_M_PROTEIN_10_KL8	7.7	40.000	20.0	587	566	585	691	325	344
15_KPN_B9_PHAGE144_M_PROTEIN_14_KL6	9_KPN_B10_PHAGE366_M_PROTEIN_10_KL30	3.07e-08	42.105	47.4	587	54	127	875	127	200
15_KPN_B9_PHAGE144_M_PROTEIN_14_KL6	9_KPN_B10_PHAGE366_M_PROTEIN_10_KL30	0.023	40.909	28.5	587	175	213	875	364	406
15_KPN_B9_PHAGE144_M_PROTEIN_14_KL6	9_KPN_B10_PHAGE366_M_PROTEIN_10_KL30	0.36	31.034	24.3	587	423	451	875	647	675
15_KPN_B9_PHAGE144_M_PROTEIN_14_KL6	12_KPN_B17_PHAGE156_M_PROTEIN_70_KL48	1.48e-07	39.437	45.1	587	57	127	810	93	161
15_KPN_B9_PHAGE144_M_PROTEIN_14_KL6	3_KPN_B18_PHAGE173_M_PROTEIN_13_KL111	6.91e-04	24.528	33.1	587	312	522	566	317	498
15_KPN_B9_PHAGE144_M_PROTEIN_14_KL6	13_KVV_B2_PHAGE172_L_PROTEIN_109_KL55	0.024	37.778	28.1	587	70	114	926	102	144
15_KPN_B9_PHAGE144_M_PROTEIN_14_KL6	13_KVV_B2_PHAGE172_L_PROTEIN_109_KL55	6.9	41.026	20.4	587	296	322	926	641	679
15_KPN_B9_PHAGE144_M_PROTEIN_14_KL6	16_KPN_B12_PHAGE243_M_PROTEIN_2_KL64	1.2	25.781	22.7	587	48	171	653	139	255
15_KPN_B9_PHAGE144_M_PROTEIN_14_KL6	16_KPN_B12_PHAGE243_M_PROTEIN_2_KL64	2.1	29.078	21.9	587	283	423	653	359	479
15_KPN_B9_PHAGE144_M_PROTEIN_14_KL6	1_KQQ_B1_PHAGE245_M_PROTEIN_8_KL1	7.5	24.194	20.0	587	377	435	845	216	273
16_KPN_B12_PHAGE243_M_PROTEIN_2_KL64	16_KPN_B12_PHAGE243_M_PROTEIN_2_KL64	0.0	100.000	1332	653	1	653	653	1	653
16_KPN_B12_PHAGE243_M_PROTEIN_2_KL64	14_KPN_B7_PHAGE068_M_PROTEIN_7_KL57	7.22e-73	80.667	241	653	1	149	742	1	150
16_KPN_B12_PHAGE243_M_PROTEIN_2_KL64	14_KPN_B7_PHAGE068_M_PROTEIN_7_KL57	2.9	45.000	21.6	653	430	449	742	34	53
16_KPN_B12_PHAGE243_M_PROTEIN_2_KL64	11_KPN_B10_PHAGE005_M_PROTEIN_9_KL39	3.68e-59	78.462	205	653	1	130	909	1	130
16_KPN_B12_PHAGE243_M_PROTEIN_2_KL64	11_KPN_B10_PHAGE005_M_PROTEIN_9_KL39	1.05e-08	25.389	48.9	653	448	622	909	680	872
16_KPN_B12_PHAGE243_M_PROTEIN_2_KL64	11_KPN_B10_PHAGE005_M_PROTEIN_9_KL39	5.5	45.000	20.8	653	430	449	909	34	53
16_KPN_B12_PHAGE243_M_PROTEIN_2_KL64	5_KPN_B12_PHAGE073_M_PROTEIN_8_KL15	8.64e-59	76.923	201	653	6	131	692	11	140
16_KPN_B12_PHAGE243_M_PROTEIN_2_KL64	5_KPN_B12_PHAGE073_M_PROTEIN_8_KL15	3.1	24.615	21.6	653	140	239	692	439	566
16_KPN_B12_PHAGE243_M_PROTEIN_2_KL64	5_KPN_B12_PHAGE073_M_PROTEIN_8_KL15	3.6	30.952	21.2	653	153	194	692	233	260
16_KPN_B12_PHAGE243_M_PROTEIN_2_KL64	5_KPN_B12_PHAGE073_M_PROTEIN_8_KL15	6.0	40.000	20.8	653	430	449	692	39	58
16_KPN_B12_PHAGE243_M_PROTEIN_2_KL64	5_KPN_B12_PHAGE073_M_PROTEIN_8_KL15	8.5	43.750	20.0	653	503	518	692	414	429
16_KPN_B12_PHAGE243_M_PROTEIN_2_KL64	1_KQQ_B1_PHAGE245_M_PROTEIN_8_KL1	9.49e-39	57.971	144	653	10	143	845	7	144
16_KPN_B12_PHAGE243_M_PROTEIN_2_KL64	1_KQQ_B1_PHAGE245_M_PROTEIN_8_KL1	1.84e-12	24.348	61.2	653	317	622	845	479	810
16_KPN_B12_PHAGE243_M_PROTEIN_2_KL64	6_KPN_B4_PHAGE152_M_PROTEIN_6_KL16	6.26e-32	65.347	123	653	29	129	993	22	118
16_KPN_B12_PHAGE243_M_PROTEIN_2_KL64	6_KPN_B4_PHAGE152_M_PROTEIN_6_KL16	1.16e-17	23.952	78.2	653	328	635	993	661	974
16_KPN_B12_PHAGE243_M_PROTEIN_2_KL64	8_KPN_B10_PHAGE037_M_PROTEIN_49_KL24	1.19e-30	61.765	119	653	29	130	732	22	119
16_KPN_B12_PHAGE243_M_PROTEIN_2_KL64	7_KPN_B8_PHAGE102_M_PROTEIN_13_KL2	3.41e-30	60.784	117	653	30	131	717	24	121
16_KPN_B12_PHAGE243_M_PROTEIN_2_KL64	18_KPN_B18_PHAGE066_M_PROTEIN_10_KL8	2.94e-29	62.887	114	653	29	125	691	22	118
16_KPN_B12_PHAGE243_M_PROTEIN_2_KL64	19_164_08_KL2	1.68e-27	58.824	108	653	30	131	717	24	121
16_KPN_B12_PHAGE243_M_PROTEIN_2_KL64	9_KPN_B10_PHAGE366_M_PROTEIN_10_KL30	3.33e-19	46.602	82.8	653	88	184	875	213	315
16_KPN_B12_PHAGE243_M_PROTEIN_2_KL64	12_KPN_B17_PHAGE156_M_PROTEIN_70_KL48	5.11e-15	53.125	69.3	653	87	150	810	173	236
16_KPN_B12_PHAGE243_M_PROTEIN_2_KL64	4_KPN_B21_PHAGE08_M_PROTEIN_55_KL125	7.81e-15	62.500	68.9	653	68	129	1012	119	182
16_KPN_B12_PHAGE243_M_PROTEIN_2_KL64	3_KPN_B18_PHAGE173_M_PROTEIN_13_KL111	1.06e-10	43.478	55.5	653	64	130	566	57	125
16_KPN_B12_PHAGE243_M_PROTEIN_2_KL64	13_KVV_B2_PHAGE172_L_PROTEIN_109_KL55	5.43e-10	32.787	53.1	653	74	187	926	154	275
16_KPN_B12_PHAGE243_M_PROTEIN_2_KL64	2_KPN_B8_PHAGE150_M_PROTEIN_7_KL11	2.74e-09	34.951	50.8	653	29	129	724	22	124
16_KPN_B12_PHAGE243_M_PROTEIN_2_KL64	22_QNO11465_DOT_1_K26	0.49	36.000	24.3	653	74	120	993	220	257
16_KPN_B12_PHAGE243_M_PROTEIN_2_KL64	22_QNO11465_DOT_1_K26	3.6	77.778	21.2	653	632	640	993	970	978
16_KPN_B12_PHAGE243_M_PROTEIN_2_KL64	15_KPN_B9_PHAGE144_M_PROTEIN_14_KL6	1.3	25.781	22.7	653	139	255	587	48	171
16_KPN_B12_PHAGE243_M_PROTEIN_2_KL64	15_KPN_B9_PHAGE144_M_PROTEIN_14_KL6	2.4	29.078	21.9	653	359	479	587	283	423
16_KPN_B12_PHAGE243_M_PROTEIN_2_KL64	20_174_38_KL55	3.6	37.838	21.2	653	384	420	839	639	668
16_KPN_B12_PHAGE243_M_PROTEIN_2_KL64	20_174_38_KL55	7.3	31.429	20.4	653	527	553	839	553	587
17_KPN_B17_PHAGE521_M_PROTEIN_6_KL7	17_KPN_B17_PHAGE521_M_PROTEIN_6_KL7	0.0	100.000	1554	753	1	753	753	1	753
17_KPN_B17_PHAGE521_M_PROTEIN_6_KL7	19_164_08_KL2	8.74e-143	39.426	428	753	91	747	717	87	711
17_KPN_B17_PHAGE521_M_PROTEIN_6_KL7	7_KPN_B8_PHAGE102_M_PROTEIN_13_KL2	1.01e-138	39.183	417	753	92	747	717	88	711
17_KPN_B17_PHAGE521_M_PROTEIN_6_KL7	14_KPN_B7_PHAGE068_M_PROTEIN_7_KL57	1.47e-120	35.860	371	753	66	745	742	76	736
17_KPN_B17_PHAGE521_M_PROTEIN_6_KL7	8_KPN_B10_PHAGE037_M_PROTEIN_49_KL24	3.43e-105	43.584	330	753	295	745	732	285	725
17_KPN_B17_PHAGE521_M_PROTEIN_6_KL7	9_KPN_B10_PHAGE366_M_PROTEIN_10_KL30	4.29e-66	28.052	227	753	92	746	875	223	869
17_KPN_B17_PHAGE521_M_PROTEIN_6_KL7	9_KPN_B10_PHAGE366_M_PROTEIN_10_KL30	2.00e-10	47.945	55.1	753	63	135	875	133	202
17_KPN_B17_PHAGE521_M_PROTEIN_6_KL7	15_KPN_B9_PHAGE144_M_PROTEIN_14_KL6	5.41e-24	43.609	97.8	753	1	129	587	1	126
17_KPN_B17_PHAGE521_M_PROTEIN_6_KL7	4_KPN_B21_PHAGE08_M_PROTEIN_55_KL125	2.97e-20	45.614	87.0	753	1	112	1012	1	110
17_KPN_B17_PHAGE521_M_PROTEIN_6_KL7	4_KPN_B21_PHAGE08_M_PROTEIN_55_KL125	6.2	22.857	20.8	753	284	344	1012	618	687
17_KPN_B17_PHAGE521_M_PROTEIN_6_KL7	20_174_38_KL55	6.79e-13	40.000	62.8	753	1	110	839	1	101
17_KPN_B17_PHAGE521_M_PROTEIN_6_KL7	12_KPN_B17_PHAGE156_M_PROTEIN_70_KL48	2.15e-10	46.575	54.7	753	63	135	810	94	163
17_KPN_B17_PHAGE521_M_PROTEIN_6_KL7	12_KPN_B17_PHAGE156_M_PROTEIN_70_KL48	0.004	21.598	31.2	753	293	610	810	390	683
17_KPN_B17_PHAGE521_M_PROTEIN_6_KL7	13_KVV_B2_PHAGE172_L_PROTEIN_109_KL55	3.37e-06	44.444	41.2	753	75	127	926	102	155
17_KPN_B17_PHAGE521_M_PROTEIN_6_KL7	11_KPN_B10_PHAGE005_M_PROTEIN_9_KL39	0.54	26.000	24.3	753	203	242	909	110	159
17_KPN_B17_PHAGE521_M_PROTEIN_6_KL7	21_YP_004782195_DOT_1	0.65	28.302	23.9	753	487	590	851	30	128
17_KPN_B17_PHAGE521_M_PROTEIN_6_KL7	1_KQQ_B1_PHAGE245_M_PROTEIN_8_KL1	0.87	22.581	23.5	753	137	198	845	688	746
17_KPN_B17_PHAGE521_M_PROTEIN_6_KL7	18_KPN_B18_PHAGE066_M_PROTEIN_10_KL8	8.8	34.884	20.4	753	91	132	691	90	132
18_KPN_B18_PHAGE066_M_PROTEIN_10_KL8	18_KPN_B18_PHAGE066_M_PROTEIN_10_KL8	0.0	100.000	1415	691	1	691	691	1	691
18_KPN_B18_PHAGE066_M_PROTEIN_10_KL8	5_KPN_B12_PHAGE073_M_PROTEIN_8_KL15	1.29e-118	34.740	362	691	22	691	692	34	692
18_KPN_B18_PHAGE066_M_PROTEIN_10_KL8	2_KPN_B8_PHAGE150_M_PROTEIN_7_KL11	2.41e-118	34.846	363	691	1	691	724	1	724
18_KPN_B18_PHAGE066_M_PROTEIN_10_KL8	10_KPN_B6_PHAGE068_M_PROTEIN_90_KL35	3.86e-87	43.305	274	691	343	691	482	133	481
18_KPN_B18_PHAGE066_M_PROTEIN_10_KL8	6_KPN_B4_PHAGE152_M_PROTEIN_6_KL16	1.02e-50	53.810	181	691	1	209	993	1	194
18_KPN_B18_PHAGE066_M_PROTEIN_10_KL8	8_KPN_B10_PHAGE037_M_PROTEIN_49_KL24	2.04e-49	70.229	176	691	1	131	732	1	127
18_KPN_B18_PHAGE066_M_PROTEIN_10_KL8	8_KPN_B10_PHAGE037_M_PROTEIN_49_KL24	0.45	33.333	24.3	691	446	511	732	607	665
18_KPN_B18_PHAGE066_M_PROTEIN_10_KL8	19_164_08_KL2	5.74e-46	62.222	166	691	3	137	717	4	134
18_KPN_B18_PHAGE066_M_PROTEIN_10_KL8	19_164_08_KL2	4.3	29.091	21.2	691	203	250	717	510	563
18_KPN_B18_PHAGE066_M_PROTEIN_10_KL8	7_KPN_B8_PHAGE102_M_PROTEIN_13_KL2	1.96e-44	62.222	161	691	3	137	717	4	134
18_KPN_B18_PHAGE066_M_PROTEIN_10_KL8	7_KPN_B8_PHAGE102_M_PROTEIN_13_KL2	3.0	29.091	21.6	691	203	250	717	510	563
18_KPN_B18_PHAGE066_M_PROTEIN_10_KL8	3_KPN_B18_PHAGE173_M_PROTEIN_13_KL111	2.41e-31	50.382	120	691	1	129	566	1	131
18_KPN_B18_PHAGE066_M_PROTEIN_10_KL8	3_KPN_B18_PHAGE173_M_PROTEIN_13_KL111	5.62e-07	34.694	43.5	691	428	523	566	317	409
18_KPN_B18_PHAGE066_M_PROTEIN_10_KL8	14_KPN_B7_PHAGE068_M_PROTEIN_7_KL57	3.02e-30	61.386	117	691	22	122	742	29	129
18_KPN_B18_PHAGE066_M_PROTEIN_10_KL8	1_KQQ_B1_PHAGE245_M_PROTEIN_8_KL1	1.46e-29	58.407	116	691	15	123	845	19	131
18_KPN_B18_PHAGE066_M_PROTEIN_10_KL8	16_KPN_B12_PHAGE243_M_PROTEIN_2_KL64	3.12e-29	62.887	114	691	22	118	653	29	125
18_KPN_B18_PHAGE066_M_PROTEIN_10_KL8	11_KPN_B10_PHAGE005_M_PROTEIN_9_KL39	4.04e-28	53.333	111	691	22	141	909	29	143
18_KPN_B18_PHAGE066_M_PROTEIN_10_KL8	11_KPN_B10_PHAGE005_M_PROTEIN_9_KL39	4.3	30.769	21.2	691	265	314	909	155	205
18_KPN_B18_PHAGE066_M_PROTEIN_10_KL8	11_KPN_B10_PHAGE005_M_PROTEIN_9_KL39	8.1	26.667	20.4	691	162	251	909	102	204
18_KPN_B18_PHAGE066_M_PROTEIN_10_KL8	11_KPN_B10_PHAGE005_M_PROTEIN_9_KL39	9.4	43.478	20.0	691	252	274	909	411	433
18_KPN_B18_PHAGE066_M_PROTEIN_10_KL8	13_KVV_B2_PHAGE172_L_PROTEIN_109_KL55	5.87e-12	39.252	59.7	691	17	118	926	101	207
18_KPN_B18_PHAGE066_M_PROTEIN_10_KL8	15_KPN_B9_PHAGE144_M_PROTEIN_14_KL6	1.15e-08	27.609	48.9	691	423	690	587	307	587
18_KPN_B18_PHAGE066_M_PROTEIN_10_KL8	15_KPN_B9_PHAGE144_M_PROTEIN_14_KL6	9.0	40.000	20.0	691	325	344	587	566	585
18_KPN_B18_PHAGE066_M_PROTEIN_10_KL8	9_KPN_B10_PHAGE366_M_PROTEIN_10_KL30	2.12e-08	50.000	48.1	691	67	132	875	197	264
18_KPN_B18_PHAGE066_M_PROTEIN_10_KL8	9_KPN_B10_PHAGE366_M_PROTEIN_10_KL30	9.5	66.667	20.0	691	377	388	875	762	773
18_KPN_B18_PHAGE066_M_PROTEIN_10_KL8	12_KPN_B17_PHAGE156_M_PROTEIN_70_KL48	2.46e-08	51.852	48.1	691	80	133	810	173	226
18_KPN_B18_PHAGE066_M_PROTEIN_10_KL8	4_KPN_B21_PHAGE08_M_PROTEIN_55_KL125	3.94e-07	46.067	44.3	691	61	147	1012	119	200
18_KPN_B18_PHAGE066_M_PROTEIN_10_KL8	4_KPN_B21_PHAGE08_M_PROTEIN_55_KL125	7.8	27.273	20.4	691	254	297	1012	961	1003
18_KPN_B18_PHAGE066_M_PROTEIN_10_KL8	22_QNO11465_DOT_1_K26	0.005	33.750	30.8	691	67	143	993	220	286
18_KPN_B18_PHAGE066_M_PROTEIN_10_KL8	22_QNO11465_DOT_1_K26	0.21	26.316	25.4	691	73	141	993	436	511
18_KPN_B18_PHAGE066_M_PROTEIN_10_KL8	22_QNO11465_DOT_1_K26	0.37	41.860	24.6	691	462	504	993	224	261
18_KPN_B18_PHAGE066_M_PROTEIN_10_KL8	20_174_38_KL55	2.6	25.676	21.9	691	522	594	839	142	214
18_KPN_B18_PHAGE066_M_PROTEIN_10_KL8	17_KPN_B17_PHAGE521_M_PROTEIN_6_KL7	8.0	34.884	20.4	691	90	132	753	91	132
19_164_08_KL2	19_164_08_KL2	0.0	100.000	1471	717	1	717	717	1	717
19_164_08_KL2	7_KPN_B8_PHAGE102_M_PROTEIN_13_KL2	0.0	96.792	1419	717	1	717	717	1	717
19_164_08_KL2	8_KPN_B10_PHAGE037_M_PROTEIN_49_KL24	9.16e-170	41.633	497	717	4	705	732	3	721
19_164_08_KL2	14_KPN_B7_PHAGE068_M_PROTEIN_7_KL57	8.05e-161	41.667	474	717	24	709	742	30	736
19_164_08_KL2	17_KPN_B17_PHAGE521_M_PROTEIN_6_KL7	1.49e-145	39.426	435	717	87	711	753	91	747
19_164_08_KL2	9_KPN_B10_PHAGE366_M_PROTEIN_10_KL30	7.43e-76	32.969	253	717	271	712	875	427	871
19_164_08_KL2	9_KPN_B10_PHAGE366_M_PROTEIN_10_KL30	1.04e-12	48.148	62.4	717	78	148	875	213	293
19_164_08_KL2	6_KPN_B4_PHAGE152_M_PROTEIN_6_KL16	3.34e-48	71.795	174	717	4	120	993	3	119
19_164_08_KL2	18_KPN_B18_PHAGE066_M_PROTEIN_10_KL8	5.47e-46	62.222	166	717	4	134	691	3	137
19_164_08_KL2	18_KPN_B18_PHAGE066_M_PROTEIN_10_KL8	4.3	29.091	21.2	717	510	563	691	203	250
19_164_08_KL2	2_KPN_B8_PHAGE150_M_PROTEIN_7_KL11	1.56e-35	54.762	134	717	4	123	724	3	128
19_164_08_KL2	2_KPN_B8_PHAGE150_M_PROTEIN_7_KL11	2.2	26.316	22.3	717	52	108	724	648	699
19_164_08_KL2	3_KPN_B18_PHAGE173_M_PROTEIN_13_KL111	2.85e-34	38.683	129	717	4	234	566	3	221
19_164_08_KL2	16_KPN_B12_PHAGE243_M_PROTEIN_2_KL64	1.63e-27	58.824	109	717	24	121	653	30	131
19_164_08_KL2	1_KQQ_B1_PHAGE245_M_PROTEIN_8_KL1	4.71e-26	54.054	105	717	18	120	845	21	131
19_164_08_KL2	5_KPN_B12_PHAGE073_M_PROTEIN_8_KL15	1.05e-25	50.000	103	717	1	126	692	8	141
19_164_08_KL2	5_KPN_B12_PHAGE073_M_PROTEIN_8_KL15	7.3	38.095	20.4	717	609	629	692	284	304
19_164_08_KL2	11_KPN_B10_PHAGE005_M_PROTEIN_9_KL39	5.90e-23	50.407	95.1	717	24	142	909	30	148
19_164_08_KL2	13_KVV_B2_PHAGE172_L_PROTEIN_109_KL55	7.31e-12	55.556	59.7	717	64	115	926	154	207
19_164_08_KL2	12_KPN_B17_PHAGE156_M_PROTEIN_70_KL48	1.08e-11	50.847	58.9	717	78	132	810	174	232
19_164_08_KL2	12_KPN_B17_PHAGE156_M_PROTEIN_70_KL48	0.11	20.673	26.6	717	381	584	810	491	692
19_164_08_KL2	12_KPN_B17_PHAGE156_M_PROTEIN_70_KL48	8.7	34.783	20.4	717	259	281	810	625	647
19_164_08_KL2	4_KPN_B21_PHAGE08_M_PROTEIN_55_KL125	5.32e-10	53.125	53.5	717	58	119	1012	119	182
19_164_08_KL2	22_QNO11465_DOT_1_K26	0.002	33.333	32.3	717	64	150	993	220	302
19_164_08_KL2	22_QNO11465_DOT_1_K26	9.7	35.294	20.0	717	325	358	993	263	295
20_174_38_KL55	20_174_38_KL55	0.0	100.000	1701	839	1	839	839	1	839
20_174_38_KL55	13_KVV_B2_PHAGE172_L_PROTEIN_109_KL55	0.0	61.898	845	839	94	836	926	191	923
20_174_38_KL55	13_KVV_B2_PHAGE172_L_PROTEIN_109_KL55	0.070	22.549	27.3	839	69	321	926	233	520
20_174_38_KL55	15_KPN_B9_PHAGE144_M_PROTEIN_14_KL6	5.89e-17	40.000	75.9	839	1	107	587	1	113
20_174_38_KL55	17_KPN_B17_PHAGE521_M_PROTEIN_6_KL7	7.56e-13	40.000	62.8	839	1	101	753	1	110
20_174_38_KL55	4_KPN_B21_PHAGE08_M_PROTEIN_55_KL125	6.09e-06	29.464	40.4	839	1	102	1012	1	109
20_174_38_KL55	4_KPN_B21_PHAGE08_M_PROTEIN_55_KL125	5.2	25.581	21.2	839	535	566	1012	891	933
20_174_38_KL55	9_KPN_B10_PHAGE366_M_PROTEIN_10_KL30	0.049	41.860	27.7	839	68	110	875	147	187
20_174_38_KL55	12_KPN_B17_PHAGE156_M_PROTEIN_70_KL48	0.066	41.860	27.3	839	68	110	810	108	148
20_174_38_KL55	3_KPN_B18_PHAGE173_M_PROTEIN_13_KL111	2.0	27.586	22.3	839	599	627	566	344	372
20_174_38_KL55	18_KPN_B18_PHAGE066_M_PROTEIN_10_KL8	3.2	25.676	21.9	839	142	214	691	522	594
20_174_38_KL55	16_KPN_B12_PHAGE243_M_PROTEIN_2_KL64	4.6	37.838	21.2	839	639	668	653	384	420
20_174_38_KL55	16_KPN_B12_PHAGE243_M_PROTEIN_2_KL64	9.4	31.429	20.4	839	553	587	653	527	553
20_174_38_KL55	5_KPN_B12_PHAGE073_M_PROTEIN_8_KL15	4.6	25.309	21.2	839	50	203	692	22	159
20_174_38_KL55	1_KQQ_B1_PHAGE245_M_PROTEIN_8_KL1	5.3	35.714	21.2	839	108	135	845	580	607
20_174_38_KL55	22_QNO11465_DOT_1_K26	6.6	31.707	20.8	839	104	144	993	643	680
20_174_38_KL55	2_KPN_B8_PHAGE150_M_PROTEIN_7_KL11	9.9	34.286	20.4	839	395	425	724	107	141
21_YP_004782195_DOT_1	21_YP_004782195_DOT_1	0.0	100.000	1764	851	1	851	851	1	851
21_YP_004782195_DOT_1	22_QNO11465_DOT_1_K26	0.34	22.312	25.0	851	1	357	993	358	678
21_YP_004782195_DOT_1	22_QNO11465_DOT_1_K26	8.3	53.846	20.4	851	560	572	993	708	720
21_YP_004782195_DOT_1	17_KPN_B17_PHAGE521_M_PROTEIN_6_KL7	0.69	28.302	24.3	851	30	128	753	487	590
21_YP_004782195_DOT_1	11_KPN_B10_PHAGE005_M_PROTEIN_9_KL39	1.4	28.169	23.1	851	330	377	909	587	654
21_YP_004782195_DOT_1	4_KPN_B21_PHAGE08_M_PROTEIN_55_KL125	4.5	39.130	21.6	851	470	492	1012	986	1008
21_YP_004782195_DOT_1	2_KPN_B8_PHAGE150_M_PROTEIN_7_KL11	5.5	52.174	21.2	851	771	793	724	307	327
21_YP_004782195_DOT_1	1_KQQ_B1_PHAGE245_M_PROTEIN_8_KL1	8.2	30.769	20.4	851	245	283	845	778	812
22_QNO11465_DOT_1_K26	22_QNO11465_DOT_1_K26	0.0	100.000	2047	993	1	993	993	1	993
22_QNO11465_DOT_1_K26	19_164_08_KL2	0.003	33.333	32.3	993	220	302	717	64	150
22_QNO11465_DOT_1_K26	18_KPN_B18_PHAGE066_M_PROTEIN_10_KL8	0.008	33.750	30.4	993	220	286	691	67	143
22_QNO11465_DOT_1_K26	18_KPN_B18_PHAGE066_M_PROTEIN_10_KL8	0.31	26.316	25.4	993	436	511	691	73	141
22_QNO11465_DOT_1_K26	18_KPN_B18_PHAGE066_M_PROTEIN_10_KL8	0.56	41.860	24.6	993	224	261	691	462	504
22_QNO11465_DOT_1_K26	6_KPN_B4_PHAGE152_M_PROTEIN_6_KL16	0.015	37.879	29.6	993	220	273	993	63	123
22_QNO11465_DOT_1_K26	7_KPN_B8_PHAGE102_M_PROTEIN_13_KL2	0.031	41.509	28.9	993	220	260	717	64	113
22_QNO11465_DOT_1_K26	7_KPN_B8_PHAGE102_M_PROTEIN_13_KL2	9.3	35.294	20.8	993	263	295	717	325	358
22_QNO11465_DOT_1_K26	14_KPN_B7_PHAGE068_M_PROTEIN_7_KL57	0.047	32.292	28.1	993	220	302	742	74	157
22_QNO11465_DOT_1_K26	8_KPN_B10_PHAGE037_M_PROTEIN_49_KL24	0.059	43.902	27.7	993	220	248	732	63	103
22_QNO11465_DOT_1_K26	8_KPN_B10_PHAGE037_M_PROTEIN_49_KL24	10.0	48.148	20.4	993	325	351	732	235	259
22_QNO11465_DOT_1_K26	11_KPN_B10_PHAGE005_M_PROTEIN_9_KL39	0.17	60.000	26.2	993	220	239	909	74	93
22_QNO11465_DOT_1_K26	1_KQQ_B1_PHAGE245_M_PROTEIN_8_KL1	0.17	28.302	26.2	993	202	287	845	57	159
22_QNO11465_DOT_1_K26	13_KVV_B2_PHAGE172_L_PROTEIN_109_KL55	0.26	40.000	25.8	993	646	678	926	417	456
22_QNO11465_DOT_1_K26	13_KVV_B2_PHAGE172_L_PROTEIN_109_KL55	2.2	35.849	22.7	993	650	698	926	213	264
22_QNO11465_DOT_1_K26	13_KVV_B2_PHAGE172_L_PROTEIN_109_KL55	8.2	66.667	20.8	993	973	981	926	892	900
22_QNO11465_DOT_1_K26	4_KPN_B21_PHAGE08_M_PROTEIN_55_KL125	0.29	23.016	25.4	993	356	473	1012	128	248
22_QNO11465_DOT_1_K26	4_KPN_B21_PHAGE08_M_PROTEIN_55_KL125	1.7	34.375	23.1	993	688	719	1012	323	354
22_QNO11465_DOT_1_K26	21_YP_004782195_DOT_1	0.42	22.312	25.0	993	358	678	851	1	357
22_QNO11465_DOT_1_K26	21_YP_004782195_DOT_1	9.8	53.846	20.4	993	708	720	851	560	572
22_QNO11465_DOT_1_K26	5_KPN_B12_PHAGE073_M_PROTEIN_8_KL15	0.44	27.193	25.0	993	220	320	692	79	180
22_QNO11465_DOT_1_K26	16_KPN_B12_PHAGE243_M_PROTEIN_2_KL64	0.76	36.000	24.3	993	220	257	653	74	120
22_QNO11465_DOT_1_K26	16_KPN_B12_PHAGE243_M_PROTEIN_2_KL64	5.3	77.778	21.6	993	970	978	653	632	640
22_QNO11465_DOT_1_K26	2_KPN_B8_PHAGE150_M_PROTEIN_7_KL11	1.9	52.632	22.7	993	56	74	724	486	504
22_QNO11465_DOT_1_K26	2_KPN_B8_PHAGE150_M_PROTEIN_7_KL11	2.2	22.340	22.7	993	604	684	724	278	371
22_QNO11465_DOT_1_K26	3_KPN_B18_PHAGE173_M_PROTEIN_13_KL111	5.9	34.286	21.2	993	881	950	566	74	128
22_QNO11465_DOT_1_K26	20_174_38_KL55	7.3	31.707	20.8	993	643	680	839	104	144
22_QNO11465_DOT_1_K26	10_KPN_B6_PHAGE068_M_PROTEIN_90_KL35	8.5	50.000	20.8	993	546	559	482	400	413
