structure_id_1,structure_id_2,K_type_1,K_type_2,comp_core_set_1,comp_core_set_2,comp_branch_set_1,comp_branch_set_2,comp_total_set_1,comp_total_set_2,pair_core_set_1,pair_core_set_2,pair_branch_set_1,pair_branch_set_2,pair_total_set_1,pair_total_set_2,bond_core_set_1,bond_core_set_2,bond_branch_set_1,bond_branch_set_2,bond_total_set_1,bond_total_set_2,composition_sim_core_jc,pair_residues_sim_core_jc,bond_sim_core_jc,composition_sim_branch_jc,pair_residues_sim_branch_jc,bond_sim_branch_jc,composition_sim_total_jc,pair_residues_sim_total_jc,bond_sim_total_jc,weighted_core,weighted_branch,weighted_total,path_core_set_1,path_core_set_2,path_branch_set_1,path_branch_set_2,path_total_set_1,path_total_set_2,path_jaccard_core,path_jaccard_branch,path_jaccard_total,similarity_cat
CPS1_K1,CPS53_K54,K1,K54,Fru; Glc; GlcA,Fru; Glc; GlcA,,Glc,Fru; Glc; GlcA,Fru; Glc; GlcA,Fru~~Glc; Fru~~GlcA,Fru~~Glc; Fru~~GlcA; Glc~~GlcA,,Glc~~Glc,Fru~~Glc; Fru~~GlcA,Fru~~Glc; Fru~~GlcA; Glc~~Glc; Glc~~GlcA,a1-3; b1-4,a1-3; b1-4,,b1-4,a1-3; b1-4,a1-3; b1-4,1.0,0.667,1.0,0.0,0.0,0.0,1.0,0.5,1.0,0.917,0.0,0.875,Fru; Fru~a1-3~Glc; Fru~b1-4~GlcA; Glc; GlcA; GlcA~b1-4~Fru; GlcA~b1-4~Fru~a1-3~Glc; Glc~a1-3~Fru; Glc~a1-3~Fru~b1-4~GlcA,Fru; Fru~a1-3~Glc; Fru~a1-3~GlcA; Fru~a1-3~GlcA~b1-4~Glc; Fru~a1-3~GlcA~b1-4~Glc~a1-3~Fru; Fru~a1-3~GlcA~b1-4~Glc~a1-3~Fru~a1-3~GlcA; Fru~a1-3~Glc~b1-4~GlcA; Fru~a1-3~Glc~b1-4~GlcA~a1-3~Fru; Fru~a1-3~Glc~b1-4~GlcA~a1-3~Fru~a1-3~Glc; Glc; GlcA; GlcA~a1-3~Fru; GlcA~a1-3~Fru~a1-3~Glc; GlcA~a1-3~Fru~a1-3~Glc~b1-4~GlcA; GlcA~a1-3~Fru~a1-3~Glc~b1-4~GlcA~a1-3~Fru; GlcA~a1-3~Fru~a1-3~Glc~b1-4~GlcA~a1-3~Fru~a1-3~Glc; GlcA~b1-4~Glc; GlcA~b1-4~Glc~a1-3~Fru; GlcA~b1-4~Glc~a1-3~Fru~a1-3~GlcA; Glc~a1-3~Fru; Glc~a1-3~Fru~a1-3~GlcA; Glc~a1-3~Fru~a1-3~GlcA~b1-4~Glc; Glc~a1-3~Fru~a1-3~GlcA~b1-4~Glc~a1-3~Fru; Glc~a1-3~Fru~a1-3~GlcA~b1-4~Glc~a1-3~Fru~a1-3~GlcA; Glc~b1-4~GlcA; Glc~b1-4~GlcA~a1-3~Fru; Glc~b1-4~GlcA~a1-3~Fru~a1-3~Glc,,Glc; Glc~b1-4~Glc,Fru; Fru~a1-3~Glc; Fru~b1-4~GlcA; Glc; GlcA; GlcA~b1-4~Fru; GlcA~b1-4~Fru~a1-3~Glc; Glc~a1-3~Fru; Glc~a1-3~Fru~b1-4~GlcA,Fru; Fru~a1-3~Glc; Fru~a1-3~GlcA; Fru~a1-3~GlcA~b1-4~Glc; Fru~a1-3~GlcA~b1-4~Glc~a1-3~Fru; Fru~a1-3~GlcA~b1-4~Glc~a1-3~Fru~a1-3~GlcA; Fru~a1-3~Glc~b1-4~GlcA; Fru~a1-3~Glc~b1-4~GlcA~a1-3~Fru; Fru~a1-3~Glc~b1-4~GlcA~a1-3~Fru~a1-3~Glc; Glc; GlcA; GlcA~a1-3~Fru; GlcA~a1-3~Fru~a1-3~Glc; GlcA~a1-3~Fru~a1-3~Glc~b1-4~GlcA; GlcA~a1-3~Fru~a1-3~Glc~b1-4~GlcA~a1-3~Fru; GlcA~a1-3~Fru~a1-3~Glc~b1-4~GlcA~a1-3~Fru~a1-3~Glc; GlcA~b1-4~Glc; GlcA~b1-4~Glc~a1-3~Fru; GlcA~b1-4~Glc~a1-3~Fru~a1-3~GlcA; Glc~a1-3~Fru; Glc~a1-3~Fru~a1-3~GlcA; Glc~a1-3~Fru~a1-3~GlcA~b1-4~Glc; Glc~a1-3~Fru~a1-3~GlcA~b1-4~Glc~a1-3~Fru; Glc~a1-3~Fru~a1-3~GlcA~b1-4~Glc~a1-3~Fru~a1-3~GlcA; Glc~b1-4~Glc; Glc~b1-4~GlcA; Glc~b1-4~GlcA~a1-3~Fru; Glc~b1-4~GlcA~a1-3~Fru~a1-3~Glc,0.161,0.0,0.156,very-similar with branch variation (total 0.8–0.9)
CPS78_K2_NTUH_A4528,CPS13_K13,K2,K13,Glc; Man,Glc; Man,GlcA,Gal; GlcA,Glc; GlcA; Man,Gal; Glc; GlcA; Man,Glc~~Glc; Glc~~Man,Glc~~Glc; Glc~~Man,GlcA~~Man,Gal~~GlcA; GlcA~~Man,GlcA~~Man; Glc~~Glc; Glc~~Man,Gal~~GlcA; GlcA~~Man; Glc~~Glc; Glc~~Man,a1-3; b1-4,a1-3; b1-4,a1-3,a1-3; b1-4,a1-3; b1-4,a1-3; b1-4,1.0,1.0,1.0,0.5,0.5,0.5,0.75,0.75,1.0,1.0,0.5,0.787,Glc; Glc~a1-3~Glc; Glc~a1-3~Glc~b1-4~Man; Glc~b1-4~Man; Man; Man~b1-4~Glc; Man~b1-4~Glc~a1-3~Glc,Glc; Glc~a1-3~Glc; Glc~a1-3~Glc~b1-4~Man; Glc~b1-4~Man; Man; Man~b1-4~Glc; Man~b1-4~Glc~a1-3~Glc,GlcA; GlcA~a1-3~Man; Man; Man~a1-3~GlcA,Gal; Gal~b1-4~GlcA; Gal~b1-4~GlcA~a1-3~Man; GlcA; GlcA~a1-3~Man; GlcA~b1-4~Gal; Man; Man~a1-3~GlcA; Man~a1-3~GlcA~b1-4~Gal,Glc; GlcA; GlcA~a1-3~Man; Glc~a1-3~Glc; Glc~a1-3~Glc~b1-4~Man; Glc~b1-4~Man; Man; Man~a1-3~GlcA; Man~b1-4~Glc; Man~b1-4~Glc~a1-3~Glc,Gal; Gal~b1-4~GlcA; Gal~b1-4~GlcA~a1-3~Man; Glc; GlcA; GlcA~a1-3~Man; GlcA~b1-4~Gal; Glc~a1-3~Glc; Glc~a1-3~Glc~b1-4~Man; Glc~b1-4~Man; Man; Man~a1-3~GlcA; Man~a1-3~GlcA~b1-4~Gal; Man~b1-4~Glc; Man~b1-4~Glc~a1-3~Glc,1.0,0.444,0.667,somewhat-similar with branch variation (total < 0.8)
CPS78_K2_NTUH_A4528,CPS78_K2_NTUH_A4528,K2,K2,Glc; Man,Glc; Man,GlcA,GlcA,Glc; GlcA; Man,Glc; GlcA; Man,Glc~~Glc; Glc~~Man,Glc~~Glc; Glc~~Man,GlcA~~Man,GlcA~~Man,GlcA~~Man; Glc~~Glc; Glc~~Man,GlcA~~Man; Glc~~Glc; Glc~~Man,a1-3; b1-4,a1-3; b1-4,a1-3,a1-3,a1-3; b1-4,a1-3; b1-4,1.0,1.0,1.0,1.0,1.0,1.0,1.0,1.0,1.0,1.0,1.0,1.0,Glc; Glc~a1-3~Glc; Glc~a1-3~Glc~b1-4~Man; Glc~b1-4~Man; Man; Man~b1-4~Glc; Man~b1-4~Glc~a1-3~Glc,Glc; Glc~a1-3~Glc; Glc~a1-3~Glc~b1-4~Man; Glc~b1-4~Man; Man; Man~b1-4~Glc; Man~b1-4~Glc~a1-3~Glc,GlcA; GlcA~a1-3~Man; Man; Man~a1-3~GlcA,GlcA; GlcA~a1-3~Man; Man; Man~a1-3~GlcA,Glc; GlcA; GlcA~a1-3~Man; Glc~a1-3~Glc; Glc~a1-3~Glc~b1-4~Man; Glc~b1-4~Man; Man; Man~a1-3~GlcA; Man~b1-4~Glc; Man~b1-4~Glc~a1-3~Glc,Glc; GlcA; GlcA~a1-3~Man; Glc~a1-3~Glc; Glc~a1-3~Glc~b1-4~Man; Glc~b1-4~Man; Man; Man~a1-3~GlcA; Man~b1-4~Glc; Man~b1-4~Glc~a1-3~Glc,1.0,1.0,1.0,near-identical (total ≥ 0.9)
CPS4_K4,CPS40_K39,K4,K39,Glc; GlcA; Man,Glc; GlcA; Man,,,Glc; GlcA; Man,Glc; GlcA; Man,GlcA~~Man; Glc~~GlcA; Glc~~Man,GlcA~~Man; Glc~~GlcA; Glc~~Man,,,GlcA~~Man; Glc~~GlcA; Glc~~Man,GlcA~~Man; Glc~~GlcA; Glc~~Man,a1-2; a1-3; b1-3,a1-3; a1-4; b1-2; b1-3; b1-4,,,a1-2; a1-3; b1-3,a1-3; a1-4; b1-2; b1-3; b1-4,1.0,1.0,0.333,,,,1.0,1.0,0.333,0.9,,0.9,Glc; GlcA; GlcA~a1-2~Glc; GlcA~a1-3~Man; GlcA~a1-3~Man~a1-3~Glc; Glc~a1-2~GlcA; Glc~a1-2~GlcA~a1-3~Man; Glc~a1-2~GlcA~a1-3~Man~a1-3~Glc; Glc~a1-3~Man; Glc~a1-3~Man~a1-3~GlcA; Glc~a1-3~Man~a1-3~GlcA~a1-2~Glc; Man; Man~a1-3~Glc; Man~a1-3~GlcA; Man~a1-3~GlcA~a1-2~Glc,Glc; GlcA; GlcA~a1-4~Man; GlcA~a1-4~Man~b1-2~GlcA; GlcA~a1-4~Man~b1-2~GlcA~b1-4~Glc; GlcA~b1-2~Man; GlcA~b1-2~Man~a1-3~Glc; GlcA~b1-2~Man~a1-4~GlcA; GlcA~b1-2~Man~a1-4~GlcA~b1-2~Man; GlcA~b1-2~Man~a1-4~GlcA~b1-2~Man~a1-3~Glc; GlcA~b1-4~Glc; Glc~a1-3~Man; Glc~a1-3~Man~b1-2~GlcA; Glc~a1-3~Man~b1-2~GlcA~a1-4~Man; Glc~a1-3~Man~b1-2~GlcA~a1-4~Man~b1-2~GlcA; Glc~a1-3~Man~b1-2~GlcA~a1-4~Man~b1-2~GlcA~b1-4~Glc; Glc~b1-4~GlcA; Glc~b1-4~GlcA~b1-2~Man; Glc~b1-4~GlcA~b1-2~Man~a1-4~GlcA; Glc~b1-4~GlcA~b1-2~Man~a1-4~GlcA~b1-2~Man; Glc~b1-4~GlcA~b1-2~Man~a1-4~GlcA~b1-2~Man~a1-3~Glc; Man; Man~a1-3~Glc; Man~a1-4~GlcA; Man~a1-4~GlcA~b1-2~Man; Man~a1-4~GlcA~b1-2~Man~a1-3~Glc; Man~b1-2~GlcA; Man~b1-2~GlcA~a1-4~Man; Man~b1-2~GlcA~a1-4~Man~b1-2~GlcA; Man~b1-2~GlcA~a1-4~Man~b1-2~GlcA~b1-4~Glc; Man~b1-2~GlcA~b1-4~Glc,,,Glc; GlcA; GlcA~a1-2~Glc; GlcA~a1-3~Man; GlcA~a1-3~Man~a1-3~Glc; Glc~a1-2~GlcA; Glc~a1-2~GlcA~a1-3~Man; Glc~a1-2~GlcA~a1-3~Man~a1-3~Glc; Glc~a1-3~Man; Glc~a1-3~Man~a1-3~GlcA; Glc~a1-3~Man~a1-3~GlcA~a1-2~Glc; Man; Man~a1-3~Glc; Man~a1-3~GlcA; Man~a1-3~GlcA~a1-2~Glc,Glc; GlcA; GlcA~a1-4~Man; GlcA~a1-4~Man~b1-2~GlcA; GlcA~a1-4~Man~b1-2~GlcA~b1-4~Glc; GlcA~b1-2~Man; GlcA~b1-2~Man~a1-3~Glc; GlcA~b1-2~Man~a1-4~GlcA; GlcA~b1-2~Man~a1-4~GlcA~b1-2~Man; GlcA~b1-2~Man~a1-4~GlcA~b1-2~Man~a1-3~Glc; GlcA~b1-4~Glc; Glc~a1-3~Man; Glc~a1-3~Man~b1-2~GlcA; Glc~a1-3~Man~b1-2~GlcA~a1-4~Man; Glc~a1-3~Man~b1-2~GlcA~a1-4~Man~b1-2~GlcA; Glc~a1-3~Man~b1-2~GlcA~a1-4~Man~b1-2~GlcA~b1-4~Glc; Glc~b1-4~GlcA; Glc~b1-4~GlcA~b1-2~Man; Glc~b1-4~GlcA~b1-2~Man~a1-4~GlcA; Glc~b1-4~GlcA~b1-2~Man~a1-4~GlcA~b1-2~Man; Glc~b1-4~GlcA~b1-2~Man~a1-4~GlcA~b1-2~Man~a1-3~Glc; Man; Man~a1-3~Glc; Man~a1-4~GlcA; Man~a1-4~GlcA~b1-2~Man; Man~a1-4~GlcA~b1-2~Man~a1-3~Glc; Man~b1-2~GlcA; Man~b1-2~GlcA~a1-4~Man; Man~b1-2~GlcA~a1-4~Man~b1-2~GlcA; Man~b1-2~GlcA~a1-4~Man~b1-2~GlcA~b1-4~Glc; Man~b1-2~GlcA~b1-4~Glc,0.122,,0.122,near-identical (total ≥ 0.9)
CPS79_K8_A4,CPS28_K27a,K8,K27a,Gal; Glc,Gal; Glc,Gal; GlcA,Glc; GlcA,Gal; Glc; GlcA,Gal; Glc; GlcA,Gal~~Gal; Gal~~Glc,Gal~~Gal; Gal~~Glc,Gal~~Gal; Gal~~GlcA,Gal~~Glc; Gal~~GlcA,Gal~~Gal; Gal~~Glc; Gal~~GlcA,Gal~~Gal; Gal~~Glc; Gal~~GlcA,a1-3; b1-3,a1-3; a1-6; b1-3,a1-2; b1-4,b1-4; b1-6,a1-2; a1-3; b1-3; b1-4,a1-3; a1-6; b1-3; b1-4; b1-6,1.0,1.0,0.667,0.333,0.333,0.333,1.0,1.0,0.5,0.95,0.333,0.925,Gal; Gal~a1-3~Gal; Gal~a1-3~Gal~b1-3~Gal; Gal~a1-3~Gal~b1-4~Glc; Gal~b1-3~Gal; Gal~b1-3~Gal~a1-3~Gal; Gal~b1-3~Gal~a1-3~Gal~b1-4~Glc; Gal~b1-4~Glc; Glc; Glc~b1-4~Gal; Glc~b1-4~Gal~a1-3~Gal; Glc~b1-4~Gal~a1-3~Gal~b1-3~Gal,Gal; Gal~a1-3~Gal; Gal~a1-3~Gal~a1-6~Glc; Gal~a1-3~Gal~b1-3~Glc; Gal~a1-6~Glc; Gal~b1-3~Glc; Glc; Glc~a1-6~Gal; Glc~a1-6~Gal~a1-3~Gal; Glc~a1-6~Gal~a1-3~Gal~b1-3~Glc; Glc~b1-3~Gal; Glc~b1-3~Gal~a1-3~Gal; Glc~b1-3~Gal~a1-3~Gal~a1-6~Glc,Gal; Gal~b1-4~GlcA; GlcA; GlcA~b1-4~Gal,Gal; Gal~b1-4~Glc; Gal~b1-6~GlcA; Glc; GlcA; GlcA~b1-6~Gal; Glc~b1-4~Gal,Gal; Gal~a1-3~Gal; Gal~a1-3~Gal~b1-3~Gal; Gal~a1-3~Gal~b1-4~Glc; Gal~b1-3~Gal; Gal~b1-3~Gal~a1-3~Gal; Gal~b1-3~Gal~a1-3~Gal~b1-4~Glc; Gal~b1-4~Glc; Gal~b1-4~GlcA; Glc; GlcA; GlcA~b1-4~Gal; Glc~b1-4~Gal; Glc~b1-4~Gal~a1-3~Gal; Glc~b1-4~Gal~a1-3~Gal~b1-3~Gal,Gal; Gal~a1-3~Gal; Gal~a1-3~Gal~a1-6~Glc; Gal~a1-3~Gal~b1-3~Glc; Gal~a1-6~Glc; Gal~b1-3~Glc; Gal~b1-4~Glc; Gal~b1-6~GlcA; Glc; GlcA; GlcA~b1-6~Gal; Glc~a1-6~Gal; Glc~a1-6~Gal~a1-3~Gal; Glc~a1-6~Gal~a1-3~Gal~b1-3~Glc; Glc~b1-3~Gal; Glc~b1-3~Gal~a1-3~Gal; Glc~b1-3~Gal~a1-3~Gal~a1-6~Glc; Glc~b1-4~Gal,0.136,0.222,0.222,near-identical (total ≥ 0.9)
CPS79_K8_A4,CPS29_K27b,K8,K27b,Gal; Glc,Gal; Glc,Gal; GlcA,Glc; GlcA,Gal; Glc; GlcA,Gal; Glc; GlcA,Gal~~Gal; Gal~~Glc,Gal~~Gal; Gal~~Glc,Gal~~Gal; Gal~~GlcA,Gal~~Glc; Gal~~GlcA,Gal~~Gal; Gal~~Glc; Gal~~GlcA,Gal~~Gal; Gal~~Glc; Gal~~GlcA,a1-3; b1-3,b1-3; b1-6,a1-2; b1-4,b1-4; b1-6,a1-2; a1-3; b1-3; b1-4,b1-3; b1-4; b1-6,1.0,1.0,0.333,0.333,0.333,0.333,1.0,1.0,0.4,0.9,0.333,0.91,Gal; Gal~a1-3~Gal; Gal~a1-3~Gal~b1-3~Gal; Gal~a1-3~Gal~b1-4~Glc; Gal~b1-3~Gal; Gal~b1-3~Gal~a1-3~Gal; Gal~b1-3~Gal~a1-3~Gal~b1-4~Glc; Gal~b1-4~Glc; Glc; Glc~b1-4~Gal; Glc~b1-4~Gal~a1-3~Gal; Glc~b1-4~Gal~a1-3~Gal~b1-3~Gal,Gal; Gal~b1-3~Gal; Gal~b1-3~Gal~b1-3~Glc; Gal~b1-3~Gal~b1-6~Glc; Gal~b1-3~Glc; Gal~b1-6~Glc; Glc; Glc~b1-3~Gal; Glc~b1-3~Gal~b1-3~Gal; Glc~b1-3~Gal~b1-3~Gal~b1-6~Glc; Glc~b1-6~Gal; Glc~b1-6~Gal~b1-3~Gal; Glc~b1-6~Gal~b1-3~Gal~b1-3~Glc,Gal; Gal~b1-4~GlcA; GlcA; GlcA~b1-4~Gal,Gal; Gal~b1-4~Glc; Gal~b1-6~GlcA; Glc; GlcA; GlcA~b1-6~Gal; Glc~b1-4~Gal,Gal; Gal~a1-3~Gal; Gal~a1-3~Gal~b1-3~Gal; Gal~a1-3~Gal~b1-4~Glc; Gal~b1-3~Gal; Gal~b1-3~Gal~a1-3~Gal; Gal~b1-3~Gal~a1-3~Gal~b1-4~Glc; Gal~b1-4~Glc; Gal~b1-4~GlcA; Glc; GlcA; GlcA~b1-4~Gal; Glc~b1-4~Gal; Glc~b1-4~Gal~a1-3~Gal; Glc~b1-4~Gal~a1-3~Gal~b1-3~Gal,Gal; Gal~b1-3~Gal; Gal~b1-3~Gal~b1-3~Glc; Gal~b1-3~Gal~b1-6~Glc; Gal~b1-3~Glc; Gal~b1-4~Glc; Gal~b1-6~Glc; Gal~b1-6~GlcA; Glc; GlcA; GlcA~b1-6~Gal; Glc~b1-3~Gal; Glc~b1-3~Gal~b1-3~Gal; Glc~b1-3~Gal~b1-3~Gal~b1-6~Glc; Glc~b1-4~Gal; Glc~b1-6~Gal; Glc~b1-6~Gal~b1-3~Gal; Glc~b1-6~Gal~b1-3~Gal~b1-3~Glc,0.136,0.222,0.222,near-identical (total ≥ 0.9)
CPS79_K8_A4,CPS55_K56,K8,K56,Gal; Glc,Gal; Glc,Gal; GlcA,Rha,Gal; Glc; GlcA,Gal; Glc; Rha,Gal~~Gal; Gal~~Glc,Gal~~Gal; Gal~~Glc,Gal~~Gal; Gal~~GlcA,Gal~~Rha,Gal~~Gal; Gal~~Glc; Gal~~GlcA,Gal~~Gal; Gal~~Glc; Gal~~Rha,a1-3; b1-3,a1-3; b1-3,a1-2; b1-4,a1-2,a1-2; a1-3; b1-3; b1-4,a1-2; a1-3; b1-3,1.0,1.0,1.0,0.0,0.0,0.5,0.5,0.5,0.75,1.0,0.075,0.537,Gal; Gal~a1-3~Gal; Gal~a1-3~Gal~b1-3~Gal; Gal~a1-3~Gal~b1-4~Glc; Gal~b1-3~Gal; Gal~b1-3~Gal~a1-3~Gal; Gal~b1-3~Gal~a1-3~Gal~b1-4~Glc; Gal~b1-4~Glc; Glc; Glc~b1-4~Gal; Glc~b1-4~Gal~a1-3~Gal; Glc~b1-4~Gal~a1-3~Gal~b1-3~Gal,Gal; Gal~a1-3~Gal; Gal~a1-3~Gal~b1-3~Gal; Gal~a1-3~Gal~b1-3~Gal~b1-3~Glc; Gal~b1-3~Gal; Gal~b1-3~Gal~a1-3~Gal; Gal~b1-3~Gal~b1-3~Glc; Gal~b1-3~Glc; Glc; Glc~b1-3~Gal; Glc~b1-3~Gal~b1-3~Gal; Glc~b1-3~Gal~b1-3~Gal~a1-3~Gal,Gal; Gal~b1-4~GlcA; GlcA; GlcA~b1-4~Gal,Gal; Gal~a1-2~Rha; Rha; Rha~a1-2~Gal,Gal; Gal~a1-3~Gal; Gal~a1-3~Gal~b1-3~Gal; Gal~a1-3~Gal~b1-4~Glc; Gal~b1-3~Gal; Gal~b1-3~Gal~a1-3~Gal; Gal~b1-3~Gal~a1-3~Gal~b1-4~Glc; Gal~b1-4~Glc; Gal~b1-4~GlcA; Glc; GlcA; GlcA~b1-4~Gal; Glc~b1-4~Gal; Glc~b1-4~Gal~a1-3~Gal; Glc~b1-4~Gal~a1-3~Gal~b1-3~Gal,Gal; Gal~a1-2~Rha; Gal~a1-3~Gal; Gal~a1-3~Gal~b1-3~Gal; Gal~a1-3~Gal~b1-3~Gal~b1-3~Glc; Gal~b1-3~Gal; Gal~b1-3~Gal~a1-3~Gal; Gal~b1-3~Gal~b1-3~Glc; Gal~b1-3~Glc; Glc; Glc~b1-3~Gal; Glc~b1-3~Gal~b1-3~Gal; Glc~b1-3~Gal~b1-3~Gal~a1-3~Gal; Rha; Rha~a1-2~Gal,0.333,0.143,0.25,somewhat-similar with branch variation (total < 0.8)
CPS79_K8_A4,CPS76_K82,K8,K82,Gal; Glc,Gal; Glc,Gal; GlcA,GlcA,Gal; Glc; GlcA,Gal; Glc; GlcA,Gal~~Gal; Gal~~Glc,Gal~~Gal; Gal~~Glc,Gal~~Gal; Gal~~GlcA,Gal~~GlcA,Gal~~Gal; Gal~~Glc; Gal~~GlcA,Gal~~Gal; Gal~~Glc; Gal~~GlcA,a1-3; b1-3,a1-3; b1-3,a1-2; b1-4,b1-4,a1-2; a1-3; b1-3; b1-4,a1-3; b1-3; b1-4,1.0,1.0,1.0,0.5,0.5,0.5,1.0,1.0,0.75,1.0,0.5,0.963,Gal; Gal~a1-3~Gal; Gal~a1-3~Gal~b1-3~Gal; Gal~a1-3~Gal~b1-4~Glc; Gal~b1-3~Gal; Gal~b1-3~Gal~a1-3~Gal; Gal~b1-3~Gal~a1-3~Gal~b1-4~Glc; Gal~b1-4~Glc; Glc; Glc~b1-4~Gal; Glc~b1-4~Gal~a1-3~Gal; Glc~b1-4~Gal~a1-3~Gal~b1-3~Gal,Gal; Gal~a1-3~Glc; Gal~b1-3~Gal; Gal~b1-3~Gal~a1-3~Glc; Glc; Glc~a1-3~Gal; Glc~a1-3~Gal~b1-3~Gal,Gal; Gal~b1-4~GlcA; GlcA; GlcA~b1-4~Gal,Gal; Gal~b1-4~GlcA; GlcA; GlcA~b1-4~Gal,Gal; Gal~a1-3~Gal; Gal~a1-3~Gal~b1-3~Gal; Gal~a1-3~Gal~b1-4~Glc; Gal~b1-3~Gal; Gal~b1-3~Gal~a1-3~Gal; Gal~b1-3~Gal~a1-3~Gal~b1-4~Glc; Gal~b1-4~Glc; Gal~b1-4~GlcA; Glc; GlcA; GlcA~b1-4~Gal; Glc~b1-4~Gal; Glc~b1-4~Gal~a1-3~Gal; Glc~b1-4~Gal~a1-3~Gal~b1-3~Gal,Gal; Gal~a1-3~Glc; Gal~b1-3~Gal; Gal~b1-3~Gal~a1-3~Glc; Gal~b1-4~GlcA; Glc; GlcA; GlcA~b1-4~Gal; Glc~a1-3~Gal; Glc~a1-3~Gal~b1-3~Gal,0.188,1.0,0.316,near-identical (total ≥ 0.9)
CPS79_K8_A4,CPS79_K8_A4,K8,K8,Gal; Glc,Gal; Glc,Gal; GlcA,Gal; GlcA,Gal; Glc; GlcA,Gal; Glc; GlcA,Gal~~Gal; Gal~~Glc,Gal~~Gal; Gal~~Glc,Gal~~Gal; Gal~~GlcA,Gal~~Gal; Gal~~GlcA,Gal~~Gal; Gal~~Glc; Gal~~GlcA,Gal~~Gal; Gal~~Glc; Gal~~GlcA,a1-3; b1-3,a1-3; b1-3,a1-2; b1-4,a1-2; b1-4,a1-2; a1-3; b1-3; b1-4,a1-2; a1-3; b1-3; b1-4,1.0,1.0,1.0,1.0,1.0,1.0,1.0,1.0,1.0,1.0,1.0,1.0,Gal; Gal~a1-3~Gal; Gal~a1-3~Gal~b1-3~Gal; Gal~a1-3~Gal~b1-4~Glc; Gal~b1-3~Gal; Gal~b1-3~Gal~a1-3~Gal; Gal~b1-3~Gal~a1-3~Gal~b1-4~Glc; Gal~b1-4~Glc; Glc; Glc~b1-4~Gal; Glc~b1-4~Gal~a1-3~Gal; Glc~b1-4~Gal~a1-3~Gal~b1-3~Gal,Gal; Gal~a1-3~Gal; Gal~a1-3~Gal~b1-3~Gal; Gal~a1-3~Gal~b1-4~Glc; Gal~b1-3~Gal; Gal~b1-3~Gal~a1-3~Gal; Gal~b1-3~Gal~a1-3~Gal~b1-4~Glc; Gal~b1-4~Glc; Glc; Glc~b1-4~Gal; Glc~b1-4~Gal~a1-3~Gal; Glc~b1-4~Gal~a1-3~Gal~b1-3~Gal,Gal; Gal~b1-4~GlcA; GlcA; GlcA~b1-4~Gal,Gal; Gal~b1-4~GlcA; GlcA; GlcA~b1-4~Gal,Gal; Gal~a1-3~Gal; Gal~a1-3~Gal~b1-3~Gal; Gal~a1-3~Gal~b1-4~Glc; Gal~b1-3~Gal; Gal~b1-3~Gal~a1-3~Gal; Gal~b1-3~Gal~a1-3~Gal~b1-4~Glc; Gal~b1-4~Glc; Gal~b1-4~GlcA; Glc; GlcA; GlcA~b1-4~Gal; Glc~b1-4~Gal; Glc~b1-4~Gal~a1-3~Gal; Glc~b1-4~Gal~a1-3~Gal~b1-3~Gal,Gal; Gal~a1-3~Gal; Gal~a1-3~Gal~b1-3~Gal; Gal~a1-3~Gal~b1-4~Glc; Gal~b1-3~Gal; Gal~b1-3~Gal~a1-3~Gal; Gal~b1-3~Gal~a1-3~Gal~b1-4~Glc; Gal~b1-4~Glc; Gal~b1-4~GlcA; Glc; GlcA; GlcA~b1-4~Gal; Glc~b1-4~Gal; Glc~b1-4~Gal~a1-3~Gal; Glc~b1-4~Gal~a1-3~Gal~b1-3~Gal,1.0,1.0,1.0,near-identical (total ≥ 0.9)
CPS79_K8_A4,CPS80_UNK_SK1,K8,UNK,Gal; Glc,Gal; Glc,Gal; GlcA,GlcA,Gal; Glc; GlcA,Gal; Glc; GlcA,Gal~~Gal; Gal~~Glc,Gal~~Gal; Gal~~Glc,Gal~~Gal; Gal~~GlcA,Gal~~GlcA,Gal~~Gal; Gal~~Glc; Gal~~GlcA,Gal~~Gal; Gal~~Glc; Gal~~GlcA,a1-3; b1-3,a1-3; b1-3,a1-2; b1-4,b1-4,a1-2; a1-3; b1-3; b1-4,a1-3; b1-3; b1-4,1.0,1.0,1.0,0.5,0.5,0.5,1.0,1.0,0.75,1.0,0.5,0.963,Gal; Gal~a1-3~Gal; Gal~a1-3~Gal~b1-3~Gal; Gal~a1-3~Gal~b1-4~Glc; Gal~b1-3~Gal; Gal~b1-3~Gal~a1-3~Gal; Gal~b1-3~Gal~a1-3~Gal~b1-4~Glc; Gal~b1-4~Glc; Glc; Glc~b1-4~Gal; Glc~b1-4~Gal~a1-3~Gal; Glc~b1-4~Gal~a1-3~Gal~b1-3~Gal,Gal; Gal~a1-3~Glc; Gal~b1-3~Gal; Gal~b1-3~Gal~a1-3~Glc; Glc; Glc~a1-3~Gal; Glc~a1-3~Gal~b1-3~Gal,Gal; Gal~b1-4~GlcA; GlcA; GlcA~b1-4~Gal,Gal; Gal~b1-4~GlcA; GlcA; GlcA~b1-4~Gal,Gal; Gal~a1-3~Gal; Gal~a1-3~Gal~b1-3~Gal; Gal~a1-3~Gal~b1-4~Glc; Gal~b1-3~Gal; Gal~b1-3~Gal~a1-3~Gal; Gal~b1-3~Gal~a1-3~Gal~b1-4~Glc; Gal~b1-4~Glc; Gal~b1-4~GlcA; Glc; GlcA; GlcA~b1-4~Gal; Glc~b1-4~Gal; Glc~b1-4~Gal~a1-3~Gal; Glc~b1-4~Gal~a1-3~Gal~b1-3~Gal,Gal; Gal~a1-3~Glc; Gal~b1-3~Gal; Gal~b1-3~Gal~a1-3~Glc; Gal~b1-4~GlcA; Glc; GlcA; GlcA~b1-4~Gal; Glc~a1-3~Gal; Glc~a1-3~Gal~b1-3~Gal,0.188,1.0,0.316,near-identical (total ≥ 0.9)
CPS9_K9,CPS33_K32,K9,K32,Gal; Rha,Gal; Rha,GlcA,,Gal; GlcA; Rha,Gal; Rha,Gal~~Rha; Rha~~Rha,Gal~~Rha; Rha~~Rha,GlcA~~Rha,,Gal~~Rha; GlcA~~Rha; Rha~~Rha,Gal~~Rha; Rha~~Rha,a1-2; a1-3; b1-3,a1-2; a1-3; b1-4,b1-4,,a1-2; a1-3; b1-3; b1-4,a1-2; a1-3; b1-4,1.0,1.0,0.5,0.0,0.0,0.0,0.667,0.667,0.75,0.925,0.0,0.679,Gal; Gal~b1-3~Rha; Gal~b1-3~Rha~a1-3~Rha; Gal~b1-3~Rha~a1-3~Rha~a1-3~Rha; Rha; Rha~a1-3~Rha; Rha~a1-3~Rha~a1-3~Rha; Rha~a1-3~Rha~a1-3~Rha~b1-3~Gal; Rha~a1-3~Rha~b1-3~Gal; Rha~b1-3~Gal,Gal; Gal~a1-3~Rha; Gal~a1-3~Rha~b1-4~Rha; Gal~a1-3~Rha~b1-4~Rha~a1-3~Rha; Rha; Rha~a1-3~Gal; Rha~a1-3~Rha; Rha~a1-3~Rha~b1-4~Rha; Rha~a1-3~Rha~b1-4~Rha~a1-3~Gal; Rha~b1-4~Rha; Rha~b1-4~Rha~a1-3~Gal; Rha~b1-4~Rha~a1-3~Rha,GlcA; GlcA~b1-4~Rha; Rha; Rha~b1-4~GlcA,,Gal; Gal~b1-3~Rha; Gal~b1-3~Rha~a1-3~Rha; Gal~b1-3~Rha~a1-3~Rha~a1-3~Rha; GlcA; GlcA~b1-4~Rha; Rha; Rha~a1-3~Rha; Rha~a1-3~Rha~a1-3~Rha; Rha~a1-3~Rha~a1-3~Rha~b1-3~Gal; Rha~a1-3~Rha~b1-3~Gal; Rha~b1-3~Gal; Rha~b1-4~GlcA,Gal; Gal~a1-3~Rha; Gal~a1-3~Rha~b1-4~Rha; Gal~a1-3~Rha~b1-4~Rha~a1-3~Rha; Rha; Rha~a1-3~Gal; Rha~a1-3~Rha; Rha~a1-3~Rha~b1-4~Rha; Rha~a1-3~Rha~b1-4~Rha~a1-3~Gal; Rha~b1-4~Rha; Rha~b1-4~Rha~a1-3~Gal; Rha~b1-4~Rha~a1-3~Rha,0.158,0.0,0.136,somewhat-similar with branch variation (total < 0.8)
CPS9_K9,CPS37_K36,K9,K36,Gal; Rha,Gal; Rha,GlcA,Glc; GlcA,Gal; GlcA; Rha,Gal; Glc; GlcA; Rha,Gal~~Rha; Rha~~Rha,Gal~~Rha; Rha~~Rha,GlcA~~Rha,GlcA~~Rha; Glc~~GlcA,Gal~~Rha; GlcA~~Rha; Rha~~Rha,Gal~~Rha; GlcA~~Rha; Glc~~GlcA; Rha~~Rha,a1-2; a1-3; b1-3,a1-2; b1-3,b1-4,b1-2; b1-4,a1-2; a1-3; b1-3; b1-4,a1-2; b1-2; b1-3; b1-4,1.0,1.0,0.667,0.5,0.5,0.5,0.75,0.75,0.6,0.95,0.5,0.727,Gal; Gal~b1-3~Rha; Gal~b1-3~Rha~a1-3~Rha; Gal~b1-3~Rha~a1-3~Rha~a1-3~Rha; Rha; Rha~a1-3~Rha; Rha~a1-3~Rha~a1-3~Rha; Rha~a1-3~Rha~a1-3~Rha~b1-3~Gal; Rha~a1-3~Rha~b1-3~Gal; Rha~b1-3~Gal,Gal; Gal~a1-2~Rha; Gal~b1-3~Rha; Gal~b1-3~Rha~a1-2~Rha; Rha; Rha~a1-2~Gal; Rha~a1-2~Gal~b1-3~Rha; Rha~a1-2~Gal~b1-3~Rha~a1-2~Rha; Rha~a1-2~Rha; Rha~a1-2~Rha~b1-3~Gal; Rha~a1-2~Rha~b1-3~Gal~a1-2~Rha; Rha~b1-3~Gal; Rha~b1-3~Gal~a1-2~Rha,GlcA; GlcA~b1-4~Rha; Rha; Rha~b1-4~GlcA,Glc; GlcA; GlcA~b1-2~Rha; GlcA~b1-4~Glc; Glc~b1-4~GlcA; Glc~b1-4~GlcA~b1-2~Rha; Rha; Rha~b1-2~GlcA; Rha~b1-2~GlcA~b1-4~Glc,Gal; Gal~b1-3~Rha; Gal~b1-3~Rha~a1-3~Rha; Gal~b1-3~Rha~a1-3~Rha~a1-3~Rha; GlcA; GlcA~b1-4~Rha; Rha; Rha~a1-3~Rha; Rha~a1-3~Rha~a1-3~Rha; Rha~a1-3~Rha~a1-3~Rha~b1-3~Gal; Rha~a1-3~Rha~b1-3~Gal; Rha~b1-3~Gal; Rha~b1-4~GlcA,Gal; Gal~a1-2~Rha; Gal~b1-3~Rha; Gal~b1-3~Rha~a1-2~Rha; Glc; GlcA; GlcA~b1-2~Rha; GlcA~b1-4~Glc; Glc~b1-4~GlcA; Glc~b1-4~GlcA~b1-2~Rha; Rha; Rha~a1-2~Gal; Rha~a1-2~Gal~b1-3~Rha; Rha~a1-2~Gal~b1-3~Rha~a1-2~Rha; Rha~a1-2~Rha; Rha~a1-2~Rha~b1-3~Gal; Rha~a1-2~Rha~b1-3~Gal~a1-2~Rha; Rha~b1-2~GlcA; Rha~b1-2~GlcA~b1-4~Glc; Rha~b1-3~Gal; Rha~b1-3~Gal~a1-2~Rha,0.211,0.182,0.172,somewhat-similar with branch variation (total < 0.8)
CPS11_K11,CPS32_K31,K11,K31,Gal; Glc; GlcA,Gal; Glc; GlcA,Gal,Glc; Man,Gal; Glc; GlcA,Gal; Glc; GlcA; Man,Gal~~GlcA; Glc~~GlcA,Gal~~GlcA; Glc~~GlcA,Gal~~GlcA,GlcA~~Man; Glc~~Man,Gal~~GlcA; Glc~~GlcA,Gal~~GlcA; GlcA~~Man; Glc~~GlcA; Glc~~Man,a1-3; b1-3,a1-3; b1-3,a1-3,a1-4; b1-2,a1-3; b1-3,a1-3; a1-4; b1-2; b1-3,1.0,1.0,1.0,0.0,0.0,0.0,0.75,0.5,0.5,1.0,0.0,0.65,Gal; Gal~b1-3~GlcA; Gal~b1-3~GlcA~b1-3~Glc; Glc; GlcA; GlcA~b1-3~Gal; GlcA~b1-3~Glc; Glc~b1-3~GlcA; Glc~b1-3~GlcA~b1-3~Gal,Gal; Gal~a1-3~GlcA; Gal~a1-3~GlcA~b1-3~Glc; Glc; GlcA; GlcA~a1-3~Gal; GlcA~b1-3~Glc; Glc~b1-3~GlcA; Glc~b1-3~GlcA~a1-3~Gal,Gal; Gal~a1-3~GlcA; GlcA; GlcA~a1-3~Gal,Glc; GlcA; GlcA~a1-4~Man; GlcA~a1-4~Man~b1-2~Glc; Glc~b1-2~Man; Glc~b1-2~Man~a1-4~GlcA; Man; Man~a1-4~GlcA; Man~b1-2~Glc,Gal; Gal~a1-3~GlcA; Gal~b1-3~GlcA; Gal~b1-3~GlcA~b1-3~Glc; Glc; GlcA; GlcA~a1-3~Gal; GlcA~b1-3~Gal; GlcA~b1-3~Glc; Glc~b1-3~GlcA; Glc~b1-3~GlcA~b1-3~Gal,Gal; Gal~a1-3~GlcA; Gal~a1-3~GlcA~b1-3~Glc; Glc; GlcA; GlcA~a1-3~Gal; GlcA~a1-4~Man; GlcA~a1-4~Man~b1-2~Glc; GlcA~b1-3~Glc; Glc~b1-2~Man; Glc~b1-2~Man~a1-4~GlcA; Glc~b1-3~GlcA; Glc~b1-3~GlcA~a1-3~Gal; Man; Man~a1-4~GlcA; Man~b1-2~Glc,0.385,0.083,0.35,somewhat-similar with branch variation (total < 0.8)
CPS13_K13,CPS78_K2_NTUH_A4528,K13,K2,Glc; Man,Glc; Man,Gal; GlcA,GlcA,Gal; Glc; GlcA; Man,Glc; GlcA; Man,Glc~~Glc; Glc~~Man,Glc~~Glc; Glc~~Man,Gal~~GlcA; GlcA~~Man,GlcA~~Man,Gal~~GlcA; GlcA~~Man; Glc~~Glc; Glc~~Man,GlcA~~Man; Glc~~Glc; Glc~~Man,a1-3; b1-4,a1-3; b1-4,a1-3; b1-4,a1-3,a1-3; b1-4,a1-3; b1-4,1.0,1.0,1.0,0.5,0.5,0.5,0.75,0.75,1.0,1.0,0.5,0.787,Glc; Glc~a1-3~Glc; Glc~a1-3~Glc~b1-4~Man; Glc~b1-4~Man; Man; Man~b1-4~Glc; Man~b1-4~Glc~a1-3~Glc,Glc; Glc~a1-3~Glc; Glc~a1-3~Glc~b1-4~Man; Glc~b1-4~Man; Man; Man~b1-4~Glc; Man~b1-4~Glc~a1-3~Glc,Gal; Gal~b1-4~GlcA; Gal~b1-4~GlcA~a1-3~Man; GlcA; GlcA~a1-3~Man; GlcA~b1-4~Gal; Man; Man~a1-3~GlcA; Man~a1-3~GlcA~b1-4~Gal,GlcA; GlcA~a1-3~Man; Man; Man~a1-3~GlcA,Gal; Gal~b1-4~GlcA; Gal~b1-4~GlcA~a1-3~Man; Glc; GlcA; GlcA~a1-3~Man; GlcA~b1-4~Gal; Glc~a1-3~Glc; Glc~a1-3~Glc~b1-4~Man; Glc~b1-4~Man; Man; Man~a1-3~GlcA; Man~a1-3~GlcA~b1-4~Gal; Man~b1-4~Glc; Man~b1-4~Glc~a1-3~Glc,Glc; GlcA; GlcA~a1-3~Man; Glc~a1-3~Glc; Glc~a1-3~Glc~b1-4~Man; Glc~b1-4~Man; Man; Man~a1-3~GlcA; Man~b1-4~Glc; Man~b1-4~Glc~a1-3~Glc,1.0,0.444,0.667,somewhat-similar with branch variation (total < 0.8)
CPS16_K16,CPS57_K58,K16,K58,Fru; Glc; GlcA,Fru; Glc; GlcA,Gal,Gal,Fru; Gal; Glc; GlcA,Fru; Gal; Glc; GlcA,Fru~~GlcA; Glc~~GlcA,Fru~~GlcA; Glc~~GlcA,Gal~~Glc,Fru~~Gal,Fru~~GlcA; Gal~~Glc; Glc~~GlcA,Fru~~Gal; Fru~~GlcA; Glc~~GlcA,a1-3; a1-4; b1-4,a1-3; a1-4; b1-4,b1-4,a1-3,a1-3; a1-4; b1-4,a1-3; a1-4; b1-4,1.0,1.0,1.0,1.0,0.0,0.0,1.0,0.5,1.0,1.0,0.6,0.875,Fru; Fru~b1-4~GlcA; Fru~b1-4~GlcA~a1-4~Glc; Glc; GlcA; GlcA~a1-4~Glc; GlcA~b1-4~Fru; Glc~a1-4~GlcA; Glc~a1-4~GlcA~b1-4~Fru,Fru; Fru~b1-4~GlcA; Fru~b1-4~GlcA~a1-4~Glc; Glc; GlcA; GlcA~a1-4~Glc; GlcA~b1-4~Fru; Glc~a1-4~GlcA; Glc~a1-4~GlcA~b1-4~Fru,Gal; Gal~b1-4~Glc; Glc; Glc~b1-4~Gal,Fru; Fru~a1-3~Gal; Gal; Gal~a1-3~Fru,Fru; Fru~b1-4~GlcA; Fru~b1-4~GlcA~a1-4~Glc; Gal; Gal~b1-4~Glc; Glc; GlcA; GlcA~a1-4~Glc; GlcA~b1-4~Fru; Glc~a1-4~GlcA; Glc~a1-4~GlcA~b1-4~Fru; Glc~b1-4~Gal,Fru; Fru~a1-3~Gal; Fru~b1-4~GlcA; Fru~b1-4~GlcA~a1-4~Glc; Gal; Gal~a1-3~Fru; Glc; GlcA; GlcA~a1-4~Glc; GlcA~b1-4~Fru; Glc~a1-4~GlcA; Glc~a1-4~GlcA~b1-4~Fru,1.0,0.143,0.714,very-similar with branch variation (total 0.8–0.9)
CPS18_K18,CPS71_K73,K18,K73,Gal; Glc; Rha,Gal; Glc; Rha,Glc; GlcA; Rha,GlcA,Gal; Glc; GlcA; Rha,Gal; Glc; GlcA; Rha,Gal~~Glc; Gal~~Rha,Gal~~Glc; Gal~~Rha,GlcA~~Rha; Glc~~GlcA; Glc~~Rha,Gal~~GlcA,Gal~~Glc; Gal~~Rha; GlcA~~Rha; Glc~~GlcA; Glc~~Rha,Gal~~Glc; Gal~~GlcA; Gal~~Rha,a1-3; b1-4,b1-3; b1-4,a1-4; a2-3; b1-2,b1-3,a1-3; a1-4; a2-3; b1-2; b1-4,b1-3; b1-4,1.0,1.0,0.333,0.333,0.0,0.0,1.0,0.333,0.167,0.9,0.2,0.708,Gal; Gal~a1-3~Rha; Gal~b1-4~Glc; Glc; Glc~b1-4~Gal; Glc~b1-4~Gal~a1-3~Rha; Rha; Rha~a1-3~Gal; Rha~a1-3~Gal~b1-4~Glc,Gal; Gal~b1-4~Glc; Gal~b1-4~Rha; Glc; Glc~b1-4~Gal; Glc~b1-4~Gal~b1-4~Rha; Rha; Rha~b1-4~Gal; Rha~b1-4~Gal~b1-4~Glc,Glc; GlcA; GlcA~a1-4~Glc; GlcA~b1-2~Rha; GlcA~b1-2~Rha~a2-3~Glc; Glc~a1-4~GlcA; Glc~a1-4~GlcA~b1-2~Rha; Glc~a1-4~GlcA~b1-2~Rha~a2-3~Glc; Glc~a2-3~Rha; Glc~a2-3~Rha~b1-2~GlcA; Glc~a2-3~Rha~b1-2~GlcA~a1-4~Glc; Rha; Rha~a2-3~Glc; Rha~b1-2~GlcA; Rha~b1-2~GlcA~a1-4~Glc,Gal; Gal~b1-3~GlcA; GlcA; GlcA~b1-3~Gal,Gal; Gal~a1-3~Rha; Gal~b1-4~Glc; Glc; GlcA; GlcA~a1-4~Glc; GlcA~b1-2~Rha; GlcA~b1-2~Rha~a2-3~Glc; Glc~a1-4~GlcA; Glc~a1-4~GlcA~b1-2~Rha; Glc~a1-4~GlcA~b1-2~Rha~a2-3~Glc; Glc~a2-3~Rha; Glc~a2-3~Rha~b1-2~GlcA; Glc~a2-3~Rha~b1-2~GlcA~a1-4~Glc; Glc~b1-4~Gal; Glc~b1-4~Gal~a1-3~Rha; Rha; Rha~a1-3~Gal; Rha~a1-3~Gal~b1-4~Glc; Rha~a2-3~Glc; Rha~b1-2~GlcA; Rha~b1-2~GlcA~a1-4~Glc,Gal; Gal~b1-3~GlcA; Gal~b1-4~Glc; Gal~b1-4~Rha; Glc; GlcA; GlcA~b1-3~Gal; Glc~b1-4~Gal; Glc~b1-4~Gal~b1-4~Rha; Rha; Rha~b1-4~Gal; Rha~b1-4~Gal~b1-4~Glc,0.385,0.056,0.214,somewhat-similar with branch variation (total < 0.8)
CPS20_K20,CPS49_K49,K20,K49,Gal; Man,Gal; Man,Gal,GalA,Gal; Man,Gal; GalA; Man,Gal~~Man,Gal~~Man,Gal~~Gal; Gal~~Man,GalA~~Man,Gal~~Gal; Gal~~Man,GalA~~Man; Gal~~Man,a1-3; b1-2,a1-2; a1-3,a1-3; b1-3,a1-3,a1-3; b1-2; b1-3,a1-2; a1-3,1.0,1.0,0.333,0.0,0.0,0.5,0.667,0.333,0.25,0.9,0.075,0.521,Gal; Gal~b1-2~Man; Man; Man~b1-2~Gal,Gal; Gal~a1-2~Man; Gal~a1-2~Man~a1-3~Gal; Gal~a1-3~Man; Gal~a1-3~Man~a1-2~Gal; Man; Man~a1-2~Gal; Man~a1-3~Gal,Gal; Gal~a1-3~Man; Gal~b1-3~Gal; Gal~b1-3~Gal~a1-3~Man; Man; Man~a1-3~Gal; Man~a1-3~Gal~b1-3~Gal,GalA; GalA~a1-3~Man; Man; Man~a1-3~GalA,Gal; Gal~a1-3~Man; Gal~b1-2~Man; Gal~b1-3~Gal; Gal~b1-3~Gal~a1-3~Man; Man; Man~a1-3~Gal; Man~a1-3~Gal~b1-3~Gal; Man~b1-2~Gal,Gal; GalA; GalA~a1-3~Man; Gal~a1-2~Man; Gal~a1-2~Man~a1-3~Gal; Gal~a1-3~Man; Gal~a1-3~Man~a1-2~Gal; Man; Man~a1-2~Gal; Man~a1-3~Gal; Man~a1-3~GalA,0.2,0.1,0.25,somewhat-similar with branch variation (total < 0.8)
CPS21_K21a,CPS27_K26,K21a,K26,Gal; GlcA; Man,Gal; GlcA; Man,Gal,Gal; Glc,Gal; GlcA; Man,Gal; Glc; GlcA; Man,Gal~~GlcA; GlcA~~Man; Man~~Man,Gal~~GlcA; GlcA~~Man; Man~~Man,Gal~~GlcA,Gal~~Glc; Glc~~Glc; Glc~~GlcA,Gal~~GlcA; GlcA~~Man; Man~~Man,Gal~~Glc; Gal~~GlcA; GlcA~~Man; Glc~~Glc; Glc~~GlcA; Man~~Man,a1-2; a1-3; b1-3,a1-2; a1-3; b1-2,a1-4,a1-4; b1-4; b1-6,a1-2; a1-3; a1-4; b1-3,a1-2; a1-3; a1-4; b1-2; b1-4; b1-6,1.0,1.0,0.5,0.5,0.0,0.333,0.75,0.5,0.429,0.925,0.35,0.639,Gal; Gal~b1-3~GlcA; Gal~b1-3~GlcA~a1-3~Man; Gal~b1-3~GlcA~a1-3~Man~a1-2~Man; GlcA; GlcA~a1-3~Man; GlcA~a1-3~Man~a1-2~Man; GlcA~b1-3~Gal; Man; Man~a1-2~Man; Man~a1-2~Man~a1-3~GlcA; Man~a1-2~Man~a1-3~GlcA~b1-3~Gal; Man~a1-3~GlcA; Man~a1-3~GlcA~b1-3~Gal,Gal; Gal~b1-2~GlcA; Gal~b1-2~GlcA~a1-3~Man; Gal~b1-2~GlcA~a1-3~Man~a1-2~Man; GlcA; GlcA~a1-3~Man; GlcA~a1-3~Man~a1-2~Man; GlcA~b1-2~Gal; Man; Man~a1-2~Man; Man~a1-2~Man~a1-3~GlcA; Man~a1-2~Man~a1-3~GlcA~b1-2~Gal; Man~a1-3~GlcA; Man~a1-3~GlcA~b1-2~Gal,Gal; Gal~a1-4~GlcA; GlcA; GlcA~a1-4~Gal,Gal; Gal~b1-4~Glc; Gal~b1-4~Glc~b1-6~Glc; Gal~b1-4~Glc~b1-6~Glc~a1-4~GlcA; Glc; GlcA; GlcA~a1-4~Glc; GlcA~a1-4~Glc~b1-6~Glc; GlcA~a1-4~Glc~b1-6~Glc~b1-4~Gal; Glc~a1-4~GlcA; Glc~b1-4~Gal; Glc~b1-6~Glc; Glc~b1-6~Glc~a1-4~GlcA; Glc~b1-6~Glc~b1-4~Gal,Gal; Gal~a1-4~GlcA; Gal~b1-3~GlcA; Gal~b1-3~GlcA~a1-3~Man; Gal~b1-3~GlcA~a1-3~Man~a1-2~Man; GlcA; GlcA~a1-3~Man; GlcA~a1-3~Man~a1-2~Man; GlcA~a1-4~Gal; GlcA~b1-3~Gal; Man; Man~a1-2~Man; Man~a1-2~Man~a1-3~GlcA; Man~a1-2~Man~a1-3~GlcA~b1-3~Gal; Man~a1-3~GlcA; Man~a1-3~GlcA~b1-3~Gal,Gal; Gal~b1-2~GlcA; Gal~b1-2~GlcA~a1-3~Man; Gal~b1-2~GlcA~a1-3~Man~a1-2~Man; Gal~b1-4~Glc; Gal~b1-4~Glc~b1-6~Glc; Gal~b1-4~Glc~b1-6~Glc~a1-4~GlcA; Glc; GlcA; GlcA~a1-3~Man; GlcA~a1-3~Man~a1-2~Man; GlcA~a1-4~Glc; GlcA~a1-4~Glc~b1-6~Glc; GlcA~a1-4~Glc~b1-6~Glc~b1-4~Gal; GlcA~b1-2~Gal; Glc~a1-4~GlcA; Glc~b1-4~Gal; Glc~b1-6~Glc; Glc~b1-6~Glc~a1-4~GlcA; Glc~b1-6~Glc~b1-4~Gal; Man; Man~a1-2~Man; Man~a1-2~Man~a1-3~GlcA; Man~a1-2~Man~a1-3~GlcA~b1-2~Gal; Man~a1-3~GlcA; Man~a1-3~GlcA~b1-2~Gal,0.4,0.125,0.235,somewhat-similar with branch variation (total < 0.8)
CPS23_K22,CPS26_K25,K22,K25,Gal; Glc,Gal; Glc,Glc; GlcA,Glc; GlcA,Gal; Glc; GlcA,Gal; Glc; GlcA,Gal~~Glc,Gal~~Glc,Gal~~Glc; Glc~~GlcA,Gal~~GlcA; Glc~~GlcA,Gal~~Glc; Glc~~GlcA,Gal~~Glc; Gal~~GlcA; Glc~~GlcA,b1-3; b1-4,b1-3; b1-4,a1-4; b1-6,b1-2; b1-4,a1-4; b1-3; b1-4; b1-6,b1-2; b1-3; b1-4,1.0,1.0,1.0,1.0,0.333,0.0,1.0,0.667,0.4,1.0,0.683,0.827,Gal; Gal~b1-3~Glc; Glc; Glc~b1-3~Gal,Gal; Gal~b1-3~Glc; Glc; Glc~b1-3~Gal,Gal; Gal~a1-4~Glc; Gal~a1-4~Glc~b1-6~GlcA; Glc; GlcA; GlcA~b1-6~Glc; GlcA~b1-6~Glc~a1-4~Gal; Glc~a1-4~Gal; Glc~b1-6~GlcA,Gal; Gal~b1-4~GlcA; Gal~b1-4~GlcA~b1-2~Glc; Glc; GlcA; GlcA~b1-2~Glc; GlcA~b1-4~Gal; Glc~b1-2~GlcA; Glc~b1-2~GlcA~b1-4~Gal,Gal; Gal~a1-4~Glc; Gal~a1-4~Glc~b1-6~GlcA; Gal~b1-3~Glc; Glc; GlcA; GlcA~b1-6~Glc; GlcA~b1-6~Glc~a1-4~Gal; Glc~a1-4~Gal; Glc~b1-3~Gal; Glc~b1-6~GlcA,Gal; Gal~b1-3~Glc; Gal~b1-4~GlcA; Gal~b1-4~GlcA~b1-2~Glc; Glc; GlcA; GlcA~b1-2~Glc; GlcA~b1-4~Gal; Glc~b1-2~GlcA; Glc~b1-2~GlcA~b1-4~Gal; Glc~b1-3~Gal,1.0,0.2,0.294,very-similar with branch variation (total 0.8–0.9)
CPS23_K22,CPS38_K37,K22,K37,Gal; Glc,Gal; Glc,Glc; GlcA,Glc; GlcA,Gal; Glc; GlcA,Gal; Glc; GlcA,Gal~~Glc,Gal~~Glc,Gal~~Glc; Glc~~GlcA,Gal~~Glc; Glc~~GlcA,Gal~~Glc; Glc~~GlcA,Gal~~Glc; Glc~~GlcA,b1-3; b1-4,b1-3; b1-4,a1-4; b1-6,a6-4; b1-6,a1-4; b1-3; b1-4; b1-6,a6-4; b1-3; b1-4; b1-6,1.0,1.0,1.0,1.0,1.0,0.333,1.0,1.0,0.6,1.0,0.9,0.94,Gal; Gal~b1-3~Glc; Glc; Glc~b1-3~Gal,Gal; Gal~b1-3~Glc; Glc; Glc~b1-3~Gal,Gal; Gal~a1-4~Glc; Gal~a1-4~Glc~b1-6~GlcA; Glc; GlcA; GlcA~b1-6~Glc; GlcA~b1-6~Glc~a1-4~Gal; Glc~a1-4~Gal; Glc~b1-6~GlcA,Gal; Gal~a6-4~Glc; Gal~a6-4~Glc~b1-6~GlcA; Glc; GlcA; GlcA~b1-6~Glc; GlcA~b1-6~Glc~a6-4~Gal; Glc~a6-4~Gal; Glc~b1-6~GlcA,Gal; Gal~a1-4~Glc; Gal~a1-4~Glc~b1-6~GlcA; Gal~b1-3~Glc; Glc; GlcA; GlcA~b1-6~Glc; GlcA~b1-6~Glc~a1-4~Gal; Glc~a1-4~Gal; Glc~b1-3~Gal; Glc~b1-6~GlcA,Gal; Gal~a6-4~Glc; Gal~a6-4~Glc~b1-6~GlcA; Gal~b1-3~Glc; Glc; GlcA; GlcA~b1-6~Glc; GlcA~b1-6~Glc~a6-4~Gal; Glc~a6-4~Gal; Glc~b1-3~Gal; Glc~b1-6~GlcA,1.0,0.385,0.467,near-identical (total ≥ 0.9)
CPS23_K22,CPS81_K41_KK207_2,K22,K41,Gal; Glc,Gal; Glc,Glc; GlcA,Glc; GlcA,Gal; Glc; GlcA,Gal; Glc; GlcA,Gal~~Glc,Gal~~Glc,Gal~~Glc; Glc~~GlcA,Gal~~Glc; Glc~~Glc; Glc~~GlcA,Gal~~Glc; Glc~~GlcA,Gal~~Glc; Glc~~Glc; Glc~~GlcA,b1-3; b1-4,b1-3; b1-4,a1-4; b1-6,a1-4; b1-6,a1-4; b1-3; b1-4; b1-6,a1-4; b1-3; b1-4; b1-6,1.0,1.0,1.0,1.0,0.667,1.0,1.0,0.667,1.0,1.0,0.917,0.917,Gal; Gal~b1-3~Glc; Glc; Glc~b1-3~Gal,Gal; Galf; Galf~a1-2~Gal; Galf~a1-2~Gal~a1-2~Rha; Galf~a1-2~Gal~a1-2~Rha~a1-3~Glc; Gal~a1-2~Galf; Gal~a1-2~Rha; Gal~a1-2~Rha~a1-3~Glc; Glc; Glc~a1-3~Rha; Glc~a1-3~Rha~a1-2~Gal; Glc~a1-3~Rha~a1-2~Gal~a1-2~Galf; Rha; Rha~a1-2~Gal; Rha~a1-2~Gal~a1-2~Galf; Rha~a1-3~Glc,Gal; Gal~a1-4~Glc; Gal~a1-4~Glc~b1-6~GlcA; Glc; GlcA; GlcA~b1-6~Glc; GlcA~b1-6~Glc~a1-4~Gal; Glc~a1-4~Gal; Glc~b1-6~GlcA,Galf; Galf~b1-3~GlcA; Galf~b1-3~GlcA~a1-4~Glc; Galf~b1-3~GlcA~a1-4~Glc~b1-6~Glc; Glc; GlcA; GlcA~a1-4~Glc; GlcA~a1-4~Glc~b1-6~Glc; GlcA~b1-3~Galf; Glc~a1-4~GlcA; Glc~a1-4~GlcA~b1-3~Galf; Glc~b1-6~Glc; Glc~b1-6~Glc~a1-4~GlcA; Glc~b1-6~Glc~a1-4~GlcA~b1-3~Galf,Gal; Gal~a1-4~Glc; Gal~a1-4~Glc~b1-6~GlcA; Gal~b1-3~Glc; Glc; GlcA; GlcA~b1-6~Glc; GlcA~b1-6~Glc~a1-4~Gal; Glc~a1-4~Gal; Glc~b1-3~Gal; Glc~b1-6~GlcA,Gal; Galf; Galf~a1-2~Gal; Galf~a1-2~Gal~a1-2~Rha; Galf~a1-2~Gal~a1-2~Rha~a1-3~Glc; Galf~b1-3~GlcA; Galf~b1-3~GlcA~a1-4~Glc; Galf~b1-3~GlcA~a1-4~Glc~b1-6~Glc; Gal~a1-2~Galf; Gal~a1-2~Rha; Gal~a1-2~Rha~a1-3~Glc; Glc; GlcA; GlcA~a1-4~Glc; GlcA~a1-4~Glc~b1-6~Glc; GlcA~b1-3~Galf; Glc~a1-3~Rha; Glc~a1-3~Rha~a1-2~Gal; Glc~a1-3~Rha~a1-2~Gal~a1-2~Galf; Glc~a1-4~GlcA; Glc~a1-4~GlcA~b1-3~Galf; Glc~b1-6~Glc; Glc~b1-6~Glc~a1-4~GlcA; Glc~b1-6~Glc~a1-4~GlcA~b1-3~Galf; Rha; Rha~a1-2~Gal; Rha~a1-2~Gal~a1-2~Galf; Rha~a1-3~Glc,0.111,0.095,0.083,near-identical (total ≥ 0.9)
CPS23_K22,CPS81_K41_KK207_2,K22,K41,Gal; Glc,Gal; Glc,Glc; GlcA,Glc; GlcA,Gal; Glc; GlcA,Gal; Glc; GlcA,Gal~~Glc,Gal~~Glc,Gal~~Glc; Glc~~GlcA,Gal~~Glc; Glc~~Glc; Glc~~GlcA,Gal~~Glc; Glc~~GlcA,Gal~~Glc; Glc~~Glc; Glc~~GlcA,b1-3; b1-4,b1-3; b1-4,a1-4; b1-6,a1-4; b1-6,a1-4; b1-3; b1-4; b1-6,a1-4; b1-3; b1-4; b1-6,1.0,1.0,1.0,1.0,0.667,1.0,1.0,0.667,1.0,1.0,0.917,0.917,Gal; Gal~b1-3~Glc; Glc; Glc~b1-3~Gal,Gal; Galf; Galf~a1-2~Gal; Galf~a1-2~Gal~a1-2~Rha; Galf~a1-2~Gal~a1-2~Rha~a1-3~Glc; Gal~a1-2~Galf; Gal~a1-2~Rha; Gal~a1-2~Rha~a1-3~Glc; Glc; Glc~a1-3~Rha; Glc~a1-3~Rha~a1-2~Gal; Glc~a1-3~Rha~a1-2~Gal~a1-2~Galf; Rha; Rha~a1-2~Gal; Rha~a1-2~Gal~a1-2~Galf; Rha~a1-3~Glc,Gal; Gal~a1-4~Glc; Gal~a1-4~Glc~b1-6~GlcA; Glc; GlcA; GlcA~b1-6~Glc; GlcA~b1-6~Glc~a1-4~Gal; Glc~a1-4~Gal; Glc~b1-6~GlcA,Galf; Galf~b1-3~GlcA; Galf~b1-3~GlcA~a1-4~Glc; Galf~b1-3~GlcA~a1-4~Glc~b1-6~Glc; Glc; GlcA; GlcA~a1-4~Glc; GlcA~a1-4~Glc~b1-6~Glc; GlcA~b1-3~Galf; Glc~a1-4~GlcA; Glc~a1-4~GlcA~b1-3~Galf; Glc~b1-6~Glc; Glc~b1-6~Glc~a1-4~GlcA; Glc~b1-6~Glc~a1-4~GlcA~b1-3~Galf,Gal; Gal~a1-4~Glc; Gal~a1-4~Glc~b1-6~GlcA; Gal~b1-3~Glc; Glc; GlcA; GlcA~b1-6~Glc; GlcA~b1-6~Glc~a1-4~Gal; Glc~a1-4~Gal; Glc~b1-3~Gal; Glc~b1-6~GlcA,Gal; Galf; Galf~a1-2~Gal; Galf~a1-2~Gal~a1-2~Rha; Galf~a1-2~Gal~a1-2~Rha~a1-3~Glc; Galf~b1-3~GlcA; Galf~b1-3~GlcA~a1-4~Glc; Galf~b1-3~GlcA~a1-4~Glc~b1-6~Glc; Gal~a1-2~Galf; Gal~a1-2~Rha; Gal~a1-2~Rha~a1-3~Glc; Glc; GlcA; GlcA~a1-4~Glc; GlcA~a1-4~Glc~b1-6~Glc; GlcA~b1-3~Galf; Glc~a1-3~Rha; Glc~a1-3~Rha~a1-2~Gal; Glc~a1-3~Rha~a1-2~Gal~a1-2~Galf; Glc~a1-4~GlcA; Glc~a1-4~GlcA~b1-3~Galf; Glc~b1-6~Glc; Glc~b1-6~Glc~a1-4~GlcA; Glc~b1-6~Glc~a1-4~GlcA~b1-3~Galf; Rha; Rha~a1-2~Gal; Rha~a1-2~Gal~a1-2~Galf; Rha~a1-3~Glc,0.111,0.095,0.083,near-identical (total ≥ 0.9)
CPS24_K23,CPS48_K48,K23,K48,Glc; Rha,Glc; Rha,Glc; GlcA,GalA,Glc; GlcA; Rha,GalA; Glc; Rha,Glc~~Rha,Glc~~Rha,Glc~~GlcA; Glc~~Rha,GalA~~Rha,Glc~~GlcA; Glc~~Rha,GalA~~Rha; Glc~~Rha,a1-3; b1-3,a1-2; a1-3; a1-4; b1-3,a1-2; b1-6,a1-2,a1-2; a1-3; b1-3; b1-6,a1-2; a1-3; a1-4; b1-3,1.0,1.0,0.5,0.0,0.0,0.5,0.5,0.333,0.6,0.925,0.075,0.473,Glc; Glc~b1-3~Rha; Rha; Rha~b1-3~Glc,Glc; Glc~a1-2~Rha; Glc~a1-4~Rha; Glc~a1-4~Rha~b1-3~Glc; Glc~b1-3~Rha; Glc~b1-3~Rha~a1-4~Glc; Glc~b1-3~Rha~a1-4~Glc~a1-2~Rha; Rha; Rha~a1-2~Glc; Rha~a1-2~Glc~a1-4~Rha; Rha~a1-2~Glc~a1-4~Rha~b1-3~Glc; Rha~a1-4~Glc; Rha~a1-4~Glc~a1-2~Rha; Rha~b1-3~Glc,Glc; GlcA; GlcA~b1-6~Glc; GlcA~b1-6~Glc~a1-2~Rha; Glc~a1-2~Rha; Glc~b1-6~GlcA; Rha; Rha~a1-2~Glc; Rha~a1-2~Glc~b1-6~GlcA,GalA; GalA~a1-2~Rha; Rha; Rha~a1-2~GalA,Glc; GlcA; GlcA~b1-6~Glc; GlcA~b1-6~Glc~a1-2~Rha; Glc~a1-2~Rha; Glc~b1-3~Rha; Glc~b1-6~GlcA; Rha; Rha~a1-2~Glc; Rha~a1-2~Glc~b1-6~GlcA; Rha~b1-3~Glc,GalA; GalA~a1-2~Rha; Glc; Glc~a1-2~Rha; Glc~a1-4~Rha; Glc~a1-4~Rha~b1-3~Glc; Glc~b1-3~Rha; Glc~b1-3~Rha~a1-4~Glc; Glc~b1-3~Rha~a1-4~Glc~a1-2~Rha; Rha; Rha~a1-2~GalA; Rha~a1-2~Glc; Rha~a1-2~Glc~a1-4~Rha; Rha~a1-2~Glc~a1-4~Rha~b1-3~Glc; Rha~a1-4~Glc; Rha~a1-4~Glc~a1-2~Rha; Rha~b1-3~Glc,0.286,0.083,0.273,somewhat-similar with branch variation (total < 0.8)
CPS24_K23,CPS54_K55,K23,K55,Glc; Rha,Glc; Rha,Glc; GlcA,Gal; Rha,Glc; GlcA; Rha,Gal; Glc; Rha,Glc~~Rha,Glc~~Rha,Glc~~GlcA; Glc~~Rha,Gal~~Rha,Glc~~GlcA; Glc~~Rha,Gal~~Rha; Glc~~Rha,a1-3; b1-3,a1-3; b1-4,a1-2; b1-6,a1-3,a1-2; a1-3; b1-3; b1-6,a1-3; b1-4,1.0,1.0,0.333,0.0,0.0,0.0,0.5,0.333,0.2,0.9,0.0,0.413,Glc; Glc~b1-3~Rha; Rha; Rha~b1-3~Glc,Glc; Glc~b1-4~Rha; Rha; Rha~b1-4~Glc,Glc; GlcA; GlcA~b1-6~Glc; GlcA~b1-6~Glc~a1-2~Rha; Glc~a1-2~Rha; Glc~b1-6~GlcA; Rha; Rha~a1-2~Glc; Rha~a1-2~Glc~b1-6~GlcA,Gal; Gal~a1-3~Rha; Rha; Rha~a1-3~Gal; Rha~a1-3~Gal~a1-3~Rha,Glc; GlcA; GlcA~b1-6~Glc; GlcA~b1-6~Glc~a1-2~Rha; Glc~a1-2~Rha; Glc~b1-3~Rha; Glc~b1-6~GlcA; Rha; Rha~a1-2~Glc; Rha~a1-2~Glc~b1-6~GlcA; Rha~b1-3~Glc,Gal; Gal~a1-3~Rha; Glc; Glc~b1-4~Rha; Rha; Rha~a1-3~Gal; Rha~a1-3~Gal~a1-3~Rha; Rha~b1-4~Glc,0.333,0.077,0.118,somewhat-similar with branch variation (total < 0.8)
CPS26_K25,CPS38_K37,K25,K37,Gal; Glc,Gal; Glc,Glc; GlcA,Glc; GlcA,Gal; Glc; GlcA,Gal; Glc; GlcA,Gal~~Glc,Gal~~Glc,Gal~~GlcA; Glc~~GlcA,Gal~~Glc; Glc~~GlcA,Gal~~Glc; Gal~~GlcA; Glc~~GlcA,Gal~~Glc; Glc~~GlcA,b1-3; b1-4,b1-3; b1-4,b1-2; b1-4,a6-4; b1-6,b1-2; b1-3; b1-4,a6-4; b1-3; b1-4; b1-6,1.0,1.0,1.0,1.0,0.333,0.0,1.0,0.667,0.4,1.0,0.683,0.827,Gal; Gal~b1-3~Glc; Glc; Glc~b1-3~Gal,Gal; Gal~b1-3~Glc; Glc; Glc~b1-3~Gal,Gal; Gal~b1-4~GlcA; Gal~b1-4~GlcA~b1-2~Glc; Glc; GlcA; GlcA~b1-2~Glc; GlcA~b1-4~Gal; Glc~b1-2~GlcA; Glc~b1-2~GlcA~b1-4~Gal,Gal; Gal~a6-4~Glc; Gal~a6-4~Glc~b1-6~GlcA; Glc; GlcA; GlcA~b1-6~Glc; GlcA~b1-6~Glc~a6-4~Gal; Glc~a6-4~Gal; Glc~b1-6~GlcA,Gal; Gal~b1-3~Glc; Gal~b1-4~GlcA; Gal~b1-4~GlcA~b1-2~Glc; Glc; GlcA; GlcA~b1-2~Glc; GlcA~b1-4~Gal; Glc~b1-2~GlcA; Glc~b1-2~GlcA~b1-4~Gal; Glc~b1-3~Gal,Gal; Gal~a6-4~Glc; Gal~a6-4~Glc~b1-6~GlcA; Gal~b1-3~Glc; Glc; GlcA; GlcA~b1-6~Glc; GlcA~b1-6~Glc~a6-4~Gal; Glc~a6-4~Gal; Glc~b1-3~Gal; Glc~b1-6~GlcA,1.0,0.2,0.294,very-similar with branch variation (total 0.8–0.9)
CPS26_K25,CPS81_K41_KK207_2,K25,K41,Gal; Glc,Gal; Glc,Glc; GlcA,Glc; GlcA,Gal; Glc; GlcA,Gal; Glc; GlcA,Gal~~Glc,Gal~~Glc,Gal~~GlcA; Glc~~GlcA,Gal~~Glc; Glc~~Glc; Glc~~GlcA,Gal~~Glc; Gal~~GlcA; Glc~~GlcA,Gal~~Glc; Glc~~Glc; Glc~~GlcA,b1-3; b1-4,b1-3; b1-4,b1-2; b1-4,a1-4; b1-6,b1-2; b1-3; b1-4,a1-4; b1-3; b1-4; b1-6,1.0,1.0,1.0,1.0,0.25,0.0,1.0,0.5,0.4,1.0,0.662,0.785,Gal; Gal~b1-3~Glc; Glc; Glc~b1-3~Gal,Gal; Galf; Galf~a1-2~Gal; Galf~a1-2~Gal~a1-2~Rha; Galf~a1-2~Gal~a1-2~Rha~a1-3~Glc; Gal~a1-2~Galf; Gal~a1-2~Rha; Gal~a1-2~Rha~a1-3~Glc; Glc; Glc~a1-3~Rha; Glc~a1-3~Rha~a1-2~Gal; Glc~a1-3~Rha~a1-2~Gal~a1-2~Galf; Rha; Rha~a1-2~Gal; Rha~a1-2~Gal~a1-2~Galf; Rha~a1-3~Glc,Gal; Gal~b1-4~GlcA; Gal~b1-4~GlcA~b1-2~Glc; Glc; GlcA; GlcA~b1-2~Glc; GlcA~b1-4~Gal; Glc~b1-2~GlcA; Glc~b1-2~GlcA~b1-4~Gal,Galf; Galf~b1-3~GlcA; Galf~b1-3~GlcA~a1-4~Glc; Galf~b1-3~GlcA~a1-4~Glc~b1-6~Glc; Glc; GlcA; GlcA~a1-4~Glc; GlcA~a1-4~Glc~b1-6~Glc; GlcA~b1-3~Galf; Glc~a1-4~GlcA; Glc~a1-4~GlcA~b1-3~Galf; Glc~b1-6~Glc; Glc~b1-6~Glc~a1-4~GlcA; Glc~b1-6~Glc~a1-4~GlcA~b1-3~Galf,Gal; Gal~b1-3~Glc; Gal~b1-4~GlcA; Gal~b1-4~GlcA~b1-2~Glc; Glc; GlcA; GlcA~b1-2~Glc; GlcA~b1-4~Gal; Glc~b1-2~GlcA; Glc~b1-2~GlcA~b1-4~Gal; Glc~b1-3~Gal,Gal; Galf; Galf~a1-2~Gal; Galf~a1-2~Gal~a1-2~Rha; Galf~a1-2~Gal~a1-2~Rha~a1-3~Glc; Galf~b1-3~GlcA; Galf~b1-3~GlcA~a1-4~Glc; Galf~b1-3~GlcA~a1-4~Glc~b1-6~Glc; Gal~a1-2~Galf; Gal~a1-2~Rha; Gal~a1-2~Rha~a1-3~Glc; Glc; GlcA; GlcA~a1-4~Glc; GlcA~a1-4~Glc~b1-6~Glc; GlcA~b1-3~Galf; Glc~a1-3~Rha; Glc~a1-3~Rha~a1-2~Gal; Glc~a1-3~Rha~a1-2~Gal~a1-2~Galf; Glc~a1-4~GlcA; Glc~a1-4~GlcA~b1-3~Galf; Glc~b1-6~Glc; Glc~b1-6~Glc~a1-4~GlcA; Glc~b1-6~Glc~a1-4~GlcA~b1-3~Galf; Rha; Rha~a1-2~Gal; Rha~a1-2~Gal~a1-2~Galf; Rha~a1-3~Glc,0.111,0.095,0.083,somewhat-similar with branch variation (total < 0.8)
CPS26_K25,CPS81_K41_KK207_2,K25,K41,Gal; Glc,Gal; Glc,Glc; GlcA,Glc; GlcA,Gal; Glc; GlcA,Gal; Glc; GlcA,Gal~~Glc,Gal~~Glc,Gal~~GlcA; Glc~~GlcA,Gal~~Glc; Glc~~Glc; Glc~~GlcA,Gal~~Glc; Gal~~GlcA; Glc~~GlcA,Gal~~Glc; Glc~~Glc; Glc~~GlcA,b1-3; b1-4,b1-3; b1-4,b1-2; b1-4,a1-4; b1-6,b1-2; b1-3; b1-4,a1-4; b1-3; b1-4; b1-6,1.0,1.0,1.0,1.0,0.25,0.0,1.0,0.5,0.4,1.0,0.662,0.785,Gal; Gal~b1-3~Glc; Glc; Glc~b1-3~Gal,Gal; Galf; Galf~a1-2~Gal; Galf~a1-2~Gal~a1-2~Rha; Galf~a1-2~Gal~a1-2~Rha~a1-3~Glc; Gal~a1-2~Galf; Gal~a1-2~Rha; Gal~a1-2~Rha~a1-3~Glc; Glc; Glc~a1-3~Rha; Glc~a1-3~Rha~a1-2~Gal; Glc~a1-3~Rha~a1-2~Gal~a1-2~Galf; Rha; Rha~a1-2~Gal; Rha~a1-2~Gal~a1-2~Galf; Rha~a1-3~Glc,Gal; Gal~b1-4~GlcA; Gal~b1-4~GlcA~b1-2~Glc; Glc; GlcA; GlcA~b1-2~Glc; GlcA~b1-4~Gal; Glc~b1-2~GlcA; Glc~b1-2~GlcA~b1-4~Gal,Galf; Galf~b1-3~GlcA; Galf~b1-3~GlcA~a1-4~Glc; Galf~b1-3~GlcA~a1-4~Glc~b1-6~Glc; Glc; GlcA; GlcA~a1-4~Glc; GlcA~a1-4~Glc~b1-6~Glc; GlcA~b1-3~Galf; Glc~a1-4~GlcA; Glc~a1-4~GlcA~b1-3~Galf; Glc~b1-6~Glc; Glc~b1-6~Glc~a1-4~GlcA; Glc~b1-6~Glc~a1-4~GlcA~b1-3~Galf,Gal; Gal~b1-3~Glc; Gal~b1-4~GlcA; Gal~b1-4~GlcA~b1-2~Glc; Glc; GlcA; GlcA~b1-2~Glc; GlcA~b1-4~Gal; Glc~b1-2~GlcA; Glc~b1-2~GlcA~b1-4~Gal; Glc~b1-3~Gal,Gal; Galf; Galf~a1-2~Gal; Galf~a1-2~Gal~a1-2~Rha; Galf~a1-2~Gal~a1-2~Rha~a1-3~Glc; Galf~b1-3~GlcA; Galf~b1-3~GlcA~a1-4~Glc; Galf~b1-3~GlcA~a1-4~Glc~b1-6~Glc; Gal~a1-2~Galf; Gal~a1-2~Rha; Gal~a1-2~Rha~a1-3~Glc; Glc; GlcA; GlcA~a1-4~Glc; GlcA~a1-4~Glc~b1-6~Glc; GlcA~b1-3~Galf; Glc~a1-3~Rha; Glc~a1-3~Rha~a1-2~Gal; Glc~a1-3~Rha~a1-2~Gal~a1-2~Galf; Glc~a1-4~GlcA; Glc~a1-4~GlcA~b1-3~Galf; Glc~b1-6~Glc; Glc~b1-6~Glc~a1-4~GlcA; Glc~b1-6~Glc~a1-4~GlcA~b1-3~Galf; Rha; Rha~a1-2~Gal; Rha~a1-2~Gal~a1-2~Galf; Rha~a1-3~Glc,0.111,0.095,0.083,somewhat-similar with branch variation (total < 0.8)
CPS28_K27a,CPS39_K38,K27a,K38,Gal; Glc,Gal; Glc,Glc; GlcA,Glc; Sug,Gal; Glc; GlcA,Gal; Glc; Sug,Gal~~Gal; Gal~~Glc,Gal~~Gal; Gal~~Glc,Gal~~Glc; Gal~~GlcA,Gal~~Glc; Gal~~Sug,Gal~~Gal; Gal~~Glc; Gal~~GlcA,Gal~~Gal; Gal~~Glc; Gal~~Sug,a1-3; a1-6; b1-3,a1-6; b1-3; b1-4,b1-4; b1-6,b1-2; b1-3,a1-3; a1-6; b1-3; b1-4; b1-6,a1-6; b1-2; b1-3; b1-4,1.0,1.0,0.5,0.333,0.333,0.0,0.5,0.5,0.5,0.925,0.283,0.5,Gal; Gal~a1-3~Gal; Gal~a1-3~Gal~a1-6~Glc; Gal~a1-3~Gal~b1-3~Glc; Gal~a1-6~Glc; Gal~b1-3~Glc; Glc; Glc~a1-6~Gal; Glc~a1-6~Gal~a1-3~Gal; Glc~a1-6~Gal~a1-3~Gal~b1-3~Glc; Glc~b1-3~Gal; Glc~b1-3~Gal~a1-3~Gal; Glc~b1-3~Gal~a1-3~Gal~a1-6~Glc,Gal; Gal~b1-3~Glc; Gal~b1-4~Gal; Gal~b1-4~Gal~b1-3~Glc; Glc; Glc~b1-3~Gal; Glc~b1-3~Gal~b1-4~Gal,Gal; Gal~b1-4~Glc; Gal~b1-6~GlcA; Glc; GlcA; GlcA~b1-6~Gal; Glc~b1-4~Gal,Gal; Gal~b1-2~Glc; Gal~b1-3~Sug; Glc; Glc~b1-2~Gal; Sug; Sug~b1-3~Gal,Gal; Gal~a1-3~Gal; Gal~a1-3~Gal~a1-6~Glc; Gal~a1-3~Gal~b1-3~Glc; Gal~a1-6~Glc; Gal~b1-3~Glc; Gal~b1-4~Glc; Gal~b1-6~GlcA; Glc; GlcA; GlcA~b1-6~Gal; Glc~a1-6~Gal; Glc~a1-6~Gal~a1-3~Gal; Glc~a1-6~Gal~a1-3~Gal~b1-3~Glc; Glc~b1-3~Gal; Glc~b1-3~Gal~a1-3~Gal; Glc~b1-3~Gal~a1-3~Gal~a1-6~Glc; Glc~b1-4~Gal,Gal; Gal~b1-2~Glc; Gal~b1-3~Glc; Gal~b1-3~Sug; Gal~b1-4~Gal; Gal~b1-4~Gal~b1-3~Glc; Glc; Glc~b1-2~Gal; Glc~b1-3~Gal; Glc~b1-3~Gal~b1-4~Gal; Sug; Sug~b1-3~Gal,0.25,0.167,0.154,somewhat-similar with branch variation (total < 0.8)
CPS28_K27a,CPS55_K56,K27a,K56,Gal; Glc,Gal; Glc,Glc; GlcA,Rha,Gal; Glc; GlcA,Gal; Glc; Rha,Gal~~Gal; Gal~~Glc,Gal~~Gal; Gal~~Glc,Gal~~Glc; Gal~~GlcA,Gal~~Rha,Gal~~Gal; Gal~~Glc; Gal~~GlcA,Gal~~Gal; Gal~~Glc; Gal~~Rha,a1-3; a1-6; b1-3,a1-3; b1-3,b1-4; b1-6,a1-2,a1-3; a1-6; b1-3; b1-4; b1-6,a1-2; a1-3; b1-3,1.0,1.0,0.667,0.0,0.0,0.0,0.5,0.5,0.333,0.95,0.0,0.475,Gal; Gal~a1-3~Gal; Gal~a1-3~Gal~a1-6~Glc; Gal~a1-3~Gal~b1-3~Glc; Gal~a1-6~Glc; Gal~b1-3~Glc; Glc; Glc~a1-6~Gal; Glc~a1-6~Gal~a1-3~Gal; Glc~a1-6~Gal~a1-3~Gal~b1-3~Glc; Glc~b1-3~Gal; Glc~b1-3~Gal~a1-3~Gal; Glc~b1-3~Gal~a1-3~Gal~a1-6~Glc,Gal; Gal~a1-3~Gal; Gal~a1-3~Gal~b1-3~Gal; Gal~a1-3~Gal~b1-3~Gal~b1-3~Glc; Gal~b1-3~Gal; Gal~b1-3~Gal~a1-3~Gal; Gal~b1-3~Gal~b1-3~Glc; Gal~b1-3~Glc; Glc; Glc~b1-3~Gal; Glc~b1-3~Gal~b1-3~Gal; Glc~b1-3~Gal~b1-3~Gal~a1-3~Gal,Gal; Gal~b1-4~Glc; Gal~b1-6~GlcA; Glc; GlcA; GlcA~b1-6~Gal; Glc~b1-4~Gal,Gal; Gal~a1-2~Rha; Rha; Rha~a1-2~Gal,Gal; Gal~a1-3~Gal; Gal~a1-3~Gal~a1-6~Glc; Gal~a1-3~Gal~b1-3~Glc; Gal~a1-6~Glc; Gal~b1-3~Glc; Gal~b1-4~Glc; Gal~b1-6~GlcA; Glc; GlcA; GlcA~b1-6~Gal; Glc~a1-6~Gal; Glc~a1-6~Gal~a1-3~Gal; Glc~a1-6~Gal~a1-3~Gal~b1-3~Glc; Glc~b1-3~Gal; Glc~b1-3~Gal~a1-3~Gal; Glc~b1-3~Gal~a1-3~Gal~a1-6~Glc; Glc~b1-4~Gal,Gal; Gal~a1-2~Rha; Gal~a1-3~Gal; Gal~a1-3~Gal~b1-3~Gal; Gal~a1-3~Gal~b1-3~Gal~b1-3~Glc; Gal~b1-3~Gal; Gal~b1-3~Gal~a1-3~Gal; Gal~b1-3~Gal~b1-3~Glc; Gal~b1-3~Glc; Glc; Glc~b1-3~Gal; Glc~b1-3~Gal~b1-3~Gal; Glc~b1-3~Gal~b1-3~Gal~a1-3~Gal; Rha; Rha~a1-2~Gal,0.25,0.1,0.179,somewhat-similar with branch variation (total < 0.8)
CPS28_K27a,CPS76_K82,K27a,K82,Gal; Glc,Gal; Glc,Glc; GlcA,GlcA,Gal; Glc; GlcA,Gal; Glc; GlcA,Gal~~Gal; Gal~~Glc,Gal~~Gal; Gal~~Glc,Gal~~Glc; Gal~~GlcA,Gal~~GlcA,Gal~~Gal; Gal~~Glc; Gal~~GlcA,Gal~~Gal; Gal~~Glc; Gal~~GlcA,a1-3; a1-6; b1-3,a1-3; b1-3,b1-4; b1-6,b1-4,a1-3; a1-6; b1-3; b1-4; b1-6,a1-3; b1-3; b1-4,1.0,1.0,0.667,0.5,0.5,0.5,1.0,1.0,0.6,0.95,0.5,0.94,Gal; Gal~a1-3~Gal; Gal~a1-3~Gal~a1-6~Glc; Gal~a1-3~Gal~b1-3~Glc; Gal~a1-6~Glc; Gal~b1-3~Glc; Glc; Glc~a1-6~Gal; Glc~a1-6~Gal~a1-3~Gal; Glc~a1-6~Gal~a1-3~Gal~b1-3~Glc; Glc~b1-3~Gal; Glc~b1-3~Gal~a1-3~Gal; Glc~b1-3~Gal~a1-3~Gal~a1-6~Glc,Gal; Gal~a1-3~Glc; Gal~b1-3~Gal; Gal~b1-3~Gal~a1-3~Glc; Glc; Glc~a1-3~Gal; Glc~a1-3~Gal~b1-3~Gal,Gal; Gal~b1-4~Glc; Gal~b1-6~GlcA; Glc; GlcA; GlcA~b1-6~Gal; Glc~b1-4~Gal,Gal; Gal~b1-4~GlcA; GlcA; GlcA~b1-4~Gal,Gal; Gal~a1-3~Gal; Gal~a1-3~Gal~a1-6~Glc; Gal~a1-3~Gal~b1-3~Glc; Gal~a1-6~Glc; Gal~b1-3~Glc; Gal~b1-4~Glc; Gal~b1-6~GlcA; Glc; GlcA; GlcA~b1-6~Gal; Glc~a1-6~Gal; Glc~a1-6~Gal~a1-3~Gal; Glc~a1-6~Gal~a1-3~Gal~b1-3~Glc; Glc~b1-3~Gal; Glc~b1-3~Gal~a1-3~Gal; Glc~b1-3~Gal~a1-3~Gal~a1-6~Glc; Glc~b1-4~Gal,Gal; Gal~a1-3~Glc; Gal~b1-3~Gal; Gal~b1-3~Gal~a1-3~Glc; Gal~b1-4~GlcA; Glc; GlcA; GlcA~b1-4~Gal; Glc~a1-3~Gal; Glc~a1-3~Gal~b1-3~Gal,0.111,0.222,0.12,near-identical (total ≥ 0.9)
CPS28_K27a,CPS79_K8_A4,K27a,K8,Gal; Glc,Gal; Glc,Glc; GlcA,Gal; GlcA,Gal; Glc; GlcA,Gal; Glc; GlcA,Gal~~Gal; Gal~~Glc,Gal~~Gal; Gal~~Glc,Gal~~Glc; Gal~~GlcA,Gal~~Gal; Gal~~GlcA,Gal~~Gal; Gal~~Glc; Gal~~GlcA,Gal~~Gal; Gal~~Glc; Gal~~GlcA,a1-3; a1-6; b1-3,a1-3; b1-3,b1-4; b1-6,a1-2; b1-4,a1-3; a1-6; b1-3; b1-4; b1-6,a1-2; a1-3; b1-3; b1-4,1.0,1.0,0.667,0.333,0.333,0.333,1.0,1.0,0.5,0.95,0.333,0.925,Gal; Gal~a1-3~Gal; Gal~a1-3~Gal~a1-6~Glc; Gal~a1-3~Gal~b1-3~Glc; Gal~a1-6~Glc; Gal~b1-3~Glc; Glc; Glc~a1-6~Gal; Glc~a1-6~Gal~a1-3~Gal; Glc~a1-6~Gal~a1-3~Gal~b1-3~Glc; Glc~b1-3~Gal; Glc~b1-3~Gal~a1-3~Gal; Glc~b1-3~Gal~a1-3~Gal~a1-6~Glc,Gal; Gal~a1-3~Gal; Gal~a1-3~Gal~b1-3~Gal; Gal~a1-3~Gal~b1-4~Glc; Gal~b1-3~Gal; Gal~b1-3~Gal~a1-3~Gal; Gal~b1-3~Gal~a1-3~Gal~b1-4~Glc; Gal~b1-4~Glc; Glc; Glc~b1-4~Gal; Glc~b1-4~Gal~a1-3~Gal; Glc~b1-4~Gal~a1-3~Gal~b1-3~Gal,Gal; Gal~b1-4~Glc; Gal~b1-6~GlcA; Glc; GlcA; GlcA~b1-6~Gal; Glc~b1-4~Gal,Gal; Gal~b1-4~GlcA; GlcA; GlcA~b1-4~Gal,Gal; Gal~a1-3~Gal; Gal~a1-3~Gal~a1-6~Glc; Gal~a1-3~Gal~b1-3~Glc; Gal~a1-6~Glc; Gal~b1-3~Glc; Gal~b1-4~Glc; Gal~b1-6~GlcA; Glc; GlcA; GlcA~b1-6~Gal; Glc~a1-6~Gal; Glc~a1-6~Gal~a1-3~Gal; Glc~a1-6~Gal~a1-3~Gal~b1-3~Glc; Glc~b1-3~Gal; Glc~b1-3~Gal~a1-3~Gal; Glc~b1-3~Gal~a1-3~Gal~a1-6~Glc; Glc~b1-4~Gal,Gal; Gal~a1-3~Gal; Gal~a1-3~Gal~b1-3~Gal; Gal~a1-3~Gal~b1-4~Glc; Gal~b1-3~Gal; Gal~b1-3~Gal~a1-3~Gal; Gal~b1-3~Gal~a1-3~Gal~b1-4~Glc; Gal~b1-4~Glc; Gal~b1-4~GlcA; Glc; GlcA; GlcA~b1-4~Gal; Glc~b1-4~Gal; Glc~b1-4~Gal~a1-3~Gal; Glc~b1-4~Gal~a1-3~Gal~b1-3~Gal,0.136,0.222,0.222,near-identical (total ≥ 0.9)
CPS28_K27a,CPS80_UNK_SK1,K27a,UNK,Gal; Glc,Gal; Glc,Glc; GlcA,GlcA,Gal; Glc; GlcA,Gal; Glc; GlcA,Gal~~Gal; Gal~~Glc,Gal~~Gal; Gal~~Glc,Gal~~Glc; Gal~~GlcA,Gal~~GlcA,Gal~~Gal; Gal~~Glc; Gal~~GlcA,Gal~~Gal; Gal~~Glc; Gal~~GlcA,a1-3; a1-6; b1-3,a1-3; b1-3,b1-4; b1-6,b1-4,a1-3; a1-6; b1-3; b1-4; b1-6,a1-3; b1-3; b1-4,1.0,1.0,0.667,0.5,0.5,0.5,1.0,1.0,0.6,0.95,0.5,0.94,Gal; Gal~a1-3~Gal; Gal~a1-3~Gal~a1-6~Glc; Gal~a1-3~Gal~b1-3~Glc; Gal~a1-6~Glc; Gal~b1-3~Glc; Glc; Glc~a1-6~Gal; Glc~a1-6~Gal~a1-3~Gal; Glc~a1-6~Gal~a1-3~Gal~b1-3~Glc; Glc~b1-3~Gal; Glc~b1-3~Gal~a1-3~Gal; Glc~b1-3~Gal~a1-3~Gal~a1-6~Glc,Gal; Gal~a1-3~Glc; Gal~b1-3~Gal; Gal~b1-3~Gal~a1-3~Glc; Glc; Glc~a1-3~Gal; Glc~a1-3~Gal~b1-3~Gal,Gal; Gal~b1-4~Glc; Gal~b1-6~GlcA; Glc; GlcA; GlcA~b1-6~Gal; Glc~b1-4~Gal,Gal; Gal~b1-4~GlcA; GlcA; GlcA~b1-4~Gal,Gal; Gal~a1-3~Gal; Gal~a1-3~Gal~a1-6~Glc; Gal~a1-3~Gal~b1-3~Glc; Gal~a1-6~Glc; Gal~b1-3~Glc; Gal~b1-4~Glc; Gal~b1-6~GlcA; Glc; GlcA; GlcA~b1-6~Gal; Glc~a1-6~Gal; Glc~a1-6~Gal~a1-3~Gal; Glc~a1-6~Gal~a1-3~Gal~b1-3~Glc; Glc~b1-3~Gal; Glc~b1-3~Gal~a1-3~Gal; Glc~b1-3~Gal~a1-3~Gal~a1-6~Glc; Glc~b1-4~Gal,Gal; Gal~a1-3~Glc; Gal~b1-3~Gal; Gal~b1-3~Gal~a1-3~Glc; Gal~b1-4~GlcA; Glc; GlcA; GlcA~b1-4~Gal; Glc~a1-3~Gal; Glc~a1-3~Gal~b1-3~Gal,0.111,0.222,0.12,near-identical (total ≥ 0.9)
CPS29_K27b,CPS55_K56,K27b,K56,Gal; Glc,Gal; Glc,Glc; GlcA,Rha,Gal; Glc; GlcA,Gal; Glc; Rha,Gal~~Gal; Gal~~Glc,Gal~~Gal; Gal~~Glc,Gal~~Glc; Gal~~GlcA,Gal~~Rha,Gal~~Gal; Gal~~Glc; Gal~~GlcA,Gal~~Gal; Gal~~Glc; Gal~~Rha,b1-3; b1-6,a1-3; b1-3,b1-4; b1-6,a1-2,b1-3; b1-4; b1-6,a1-2; a1-3; b1-3,1.0,1.0,0.333,0.0,0.0,0.0,0.5,0.5,0.2,0.9,0.0,0.455,Gal; Gal~b1-3~Gal; Gal~b1-3~Gal~b1-3~Glc; Gal~b1-3~Gal~b1-6~Glc; Gal~b1-3~Glc; Gal~b1-6~Glc; Glc; Glc~b1-3~Gal; Glc~b1-3~Gal~b1-3~Gal; Glc~b1-3~Gal~b1-3~Gal~b1-6~Glc; Glc~b1-6~Gal; Glc~b1-6~Gal~b1-3~Gal; Glc~b1-6~Gal~b1-3~Gal~b1-3~Glc,Gal; Gal~a1-3~Gal; Gal~a1-3~Gal~b1-3~Gal; Gal~a1-3~Gal~b1-3~Gal~b1-3~Glc; Gal~b1-3~Gal; Gal~b1-3~Gal~a1-3~Gal; Gal~b1-3~Gal~b1-3~Glc; Gal~b1-3~Glc; Glc; Glc~b1-3~Gal; Glc~b1-3~Gal~b1-3~Gal; Glc~b1-3~Gal~b1-3~Gal~a1-3~Gal,Gal; Gal~b1-4~Glc; Gal~b1-6~GlcA; Glc; GlcA; GlcA~b1-6~Gal; Glc~b1-4~Gal,Gal; Gal~a1-2~Rha; Rha; Rha~a1-2~Gal,Gal; Gal~b1-3~Gal; Gal~b1-3~Gal~b1-3~Glc; Gal~b1-3~Gal~b1-6~Glc; Gal~b1-3~Glc; Gal~b1-4~Glc; Gal~b1-6~Glc; Gal~b1-6~GlcA; Glc; GlcA; GlcA~b1-6~Gal; Glc~b1-3~Gal; Glc~b1-3~Gal~b1-3~Gal; Glc~b1-3~Gal~b1-3~Gal~b1-6~Glc; Glc~b1-4~Gal; Glc~b1-6~Gal; Glc~b1-6~Gal~b1-3~Gal; Glc~b1-6~Gal~b1-3~Gal~b1-3~Glc,Gal; Gal~a1-2~Rha; Gal~a1-3~Gal; Gal~a1-3~Gal~b1-3~Gal; Gal~a1-3~Gal~b1-3~Gal~b1-3~Glc; Gal~b1-3~Gal; Gal~b1-3~Gal~a1-3~Gal; Gal~b1-3~Gal~b1-3~Glc; Gal~b1-3~Glc; Glc; Glc~b1-3~Gal; Glc~b1-3~Gal~b1-3~Gal; Glc~b1-3~Gal~b1-3~Gal~a1-3~Gal; Rha; Rha~a1-2~Gal,0.389,0.1,0.269,somewhat-similar with branch variation (total < 0.8)
CPS29_K27b,CPS76_K82,K27b,K82,Gal; Glc,Gal; Glc,Glc; GlcA,GlcA,Gal; Glc; GlcA,Gal; Glc; GlcA,Gal~~Gal; Gal~~Glc,Gal~~Gal; Gal~~Glc,Gal~~Glc; Gal~~GlcA,Gal~~GlcA,Gal~~Gal; Gal~~Glc; Gal~~GlcA,Gal~~Gal; Gal~~Glc; Gal~~GlcA,b1-3; b1-6,a1-3; b1-3,b1-4; b1-6,b1-4,b1-3; b1-4; b1-6,a1-3; b1-3; b1-4,1.0,1.0,0.333,0.5,0.5,0.5,1.0,1.0,0.5,0.9,0.5,0.925,Gal; Gal~b1-3~Gal; Gal~b1-3~Gal~b1-3~Glc; Gal~b1-3~Gal~b1-6~Glc; Gal~b1-3~Glc; Gal~b1-6~Glc; Glc; Glc~b1-3~Gal; Glc~b1-3~Gal~b1-3~Gal; Glc~b1-3~Gal~b1-3~Gal~b1-6~Glc; Glc~b1-6~Gal; Glc~b1-6~Gal~b1-3~Gal; Glc~b1-6~Gal~b1-3~Gal~b1-3~Glc,Gal; Gal~a1-3~Glc; Gal~b1-3~Gal; Gal~b1-3~Gal~a1-3~Glc; Glc; Glc~a1-3~Gal; Glc~a1-3~Gal~b1-3~Gal,Gal; Gal~b1-4~Glc; Gal~b1-6~GlcA; Glc; GlcA; GlcA~b1-6~Gal; Glc~b1-4~Gal,Gal; Gal~b1-4~GlcA; GlcA; GlcA~b1-4~Gal,Gal; Gal~b1-3~Gal; Gal~b1-3~Gal~b1-3~Glc; Gal~b1-3~Gal~b1-6~Glc; Gal~b1-3~Glc; Gal~b1-4~Glc; Gal~b1-6~Glc; Gal~b1-6~GlcA; Glc; GlcA; GlcA~b1-6~Gal; Glc~b1-3~Gal; Glc~b1-3~Gal~b1-3~Gal; Glc~b1-3~Gal~b1-3~Gal~b1-6~Glc; Glc~b1-4~Gal; Glc~b1-6~Gal; Glc~b1-6~Gal~b1-3~Gal; Glc~b1-6~Gal~b1-3~Gal~b1-3~Glc,Gal; Gal~a1-3~Glc; Gal~b1-3~Gal; Gal~b1-3~Gal~a1-3~Glc; Gal~b1-4~GlcA; Glc; GlcA; GlcA~b1-4~Gal; Glc~a1-3~Gal; Glc~a1-3~Gal~b1-3~Gal,0.176,0.222,0.167,near-identical (total ≥ 0.9)
CPS29_K27b,CPS79_K8_A4,K27b,K8,Gal; Glc,Gal; Glc,Glc; GlcA,Gal; GlcA,Gal; Glc; GlcA,Gal; Glc; GlcA,Gal~~Gal; Gal~~Glc,Gal~~Gal; Gal~~Glc,Gal~~Glc; Gal~~GlcA,Gal~~Gal; Gal~~GlcA,Gal~~Gal; Gal~~Glc; Gal~~GlcA,Gal~~Gal; Gal~~Glc; Gal~~GlcA,b1-3; b1-6,a1-3; b1-3,b1-4; b1-6,a1-2; b1-4,b1-3; b1-4; b1-6,a1-2; a1-3; b1-3; b1-4,1.0,1.0,0.333,0.333,0.333,0.333,1.0,1.0,0.4,0.9,0.333,0.91,Gal; Gal~b1-3~Gal; Gal~b1-3~Gal~b1-3~Glc; Gal~b1-3~Gal~b1-6~Glc; Gal~b1-3~Glc; Gal~b1-6~Glc; Glc; Glc~b1-3~Gal; Glc~b1-3~Gal~b1-3~Gal; Glc~b1-3~Gal~b1-3~Gal~b1-6~Glc; Glc~b1-6~Gal; Glc~b1-6~Gal~b1-3~Gal; Glc~b1-6~Gal~b1-3~Gal~b1-3~Glc,Gal; Gal~a1-3~Gal; Gal~a1-3~Gal~b1-3~Gal; Gal~a1-3~Gal~b1-4~Glc; Gal~b1-3~Gal; Gal~b1-3~Gal~a1-3~Gal; Gal~b1-3~Gal~a1-3~Gal~b1-4~Glc; Gal~b1-4~Glc; Glc; Glc~b1-4~Gal; Glc~b1-4~Gal~a1-3~Gal; Glc~b1-4~Gal~a1-3~Gal~b1-3~Gal,Gal; Gal~b1-4~Glc; Gal~b1-6~GlcA; Glc; GlcA; GlcA~b1-6~Gal; Glc~b1-4~Gal,Gal; Gal~b1-4~GlcA; GlcA; GlcA~b1-4~Gal,Gal; Gal~b1-3~Gal; Gal~b1-3~Gal~b1-3~Glc; Gal~b1-3~Gal~b1-6~Glc; Gal~b1-3~Glc; Gal~b1-4~Glc; Gal~b1-6~Glc; Gal~b1-6~GlcA; Glc; GlcA; GlcA~b1-6~Gal; Glc~b1-3~Gal; Glc~b1-3~Gal~b1-3~Gal; Glc~b1-3~Gal~b1-3~Gal~b1-6~Glc; Glc~b1-4~Gal; Glc~b1-6~Gal; Glc~b1-6~Gal~b1-3~Gal; Glc~b1-6~Gal~b1-3~Gal~b1-3~Glc,Gal; Gal~a1-3~Gal; Gal~a1-3~Gal~b1-3~Gal; Gal~a1-3~Gal~b1-4~Glc; Gal~b1-3~Gal; Gal~b1-3~Gal~a1-3~Gal; Gal~b1-3~Gal~a1-3~Gal~b1-4~Glc; Gal~b1-4~Glc; Gal~b1-4~GlcA; Glc; GlcA; GlcA~b1-4~Gal; Glc~b1-4~Gal; Glc~b1-4~Gal~a1-3~Gal; Glc~b1-4~Gal~a1-3~Gal~b1-3~Gal,0.136,0.222,0.222,near-identical (total ≥ 0.9)
CPS29_K27b,CPS80_UNK_SK1,K27b,UNK,Gal; Glc,Gal; Glc,Glc; GlcA,GlcA,Gal; Glc; GlcA,Gal; Glc; GlcA,Gal~~Gal; Gal~~Glc,Gal~~Gal; Gal~~Glc,Gal~~Glc; Gal~~GlcA,Gal~~GlcA,Gal~~Gal; Gal~~Glc; Gal~~GlcA,Gal~~Gal; Gal~~Glc; Gal~~GlcA,b1-3; b1-6,a1-3; b1-3,b1-4; b1-6,b1-4,b1-3; b1-4; b1-6,a1-3; b1-3; b1-4,1.0,1.0,0.333,0.5,0.5,0.5,1.0,1.0,0.5,0.9,0.5,0.925,Gal; Gal~b1-3~Gal; Gal~b1-3~Gal~b1-3~Glc; Gal~b1-3~Gal~b1-6~Glc; Gal~b1-3~Glc; Gal~b1-6~Glc; Glc; Glc~b1-3~Gal; Glc~b1-3~Gal~b1-3~Gal; Glc~b1-3~Gal~b1-3~Gal~b1-6~Glc; Glc~b1-6~Gal; Glc~b1-6~Gal~b1-3~Gal; Glc~b1-6~Gal~b1-3~Gal~b1-3~Glc,Gal; Gal~a1-3~Glc; Gal~b1-3~Gal; Gal~b1-3~Gal~a1-3~Glc; Glc; Glc~a1-3~Gal; Glc~a1-3~Gal~b1-3~Gal,Gal; Gal~b1-4~Glc; Gal~b1-6~GlcA; Glc; GlcA; GlcA~b1-6~Gal; Glc~b1-4~Gal,Gal; Gal~b1-4~GlcA; GlcA; GlcA~b1-4~Gal,Gal; Gal~b1-3~Gal; Gal~b1-3~Gal~b1-3~Glc; Gal~b1-3~Gal~b1-6~Glc; Gal~b1-3~Glc; Gal~b1-4~Glc; Gal~b1-6~Glc; Gal~b1-6~GlcA; Glc; GlcA; GlcA~b1-6~Gal; Glc~b1-3~Gal; Glc~b1-3~Gal~b1-3~Gal; Glc~b1-3~Gal~b1-3~Gal~b1-6~Glc; Glc~b1-4~Gal; Glc~b1-6~Gal; Glc~b1-6~Gal~b1-3~Gal; Glc~b1-6~Gal~b1-3~Gal~b1-3~Glc,Gal; Gal~a1-3~Glc; Gal~b1-3~Gal; Gal~b1-3~Gal~a1-3~Glc; Gal~b1-4~GlcA; Glc; GlcA; GlcA~b1-4~Gal; Glc~a1-3~Gal; Glc~a1-3~Gal~b1-3~Gal,0.176,0.222,0.167,near-identical (total ≥ 0.9)
CPS31_K30,CPS34_K33,K30,K33,Glc; Man,Glc; Man,Gal; GlcA,Gal; GlcA,Gal; Glc; GlcA; Man,Gal; Glc; GlcA; Man,Glc~~Man; Man~~Man,Glc~~Man; Man~~Man,Gal~~Man; GlcA~~Man,Gal~~Man; GlcA~~Man,Gal~~Man; GlcA~~Man; Glc~~Man; Man~~Man,Gal~~Man; GlcA~~Man; Glc~~Man; Man~~Man,b1-4,b1-4,a1-3; b1-6,a1-3; b1-6,a1-3; b1-4; b1-6,a1-3; b1-4; b1-6,1.0,1.0,1.0,1.0,1.0,1.0,1.0,1.0,1.0,1.0,1.0,1.0,Glc; Glc~b1-4~Man; Glc~b1-4~Man~b1-4~Man; Man; Man~b1-4~Glc; Man~b1-4~Man; Man~b1-4~Man~b1-4~Glc,Glc; Glc~b1-4~Man; Glc~b1-4~Man~b1-4~Man; Man; Man~b1-4~Glc; Man~b1-4~Man; Man~b1-4~Man~b1-4~Glc,Gal; Gal~b1-6~Man; GlcA; GlcA~a1-3~Man; Man; Man~a1-3~GlcA; Man~b1-6~Gal,Gal; Gal~b1-6~Man; GlcA; GlcA~a1-3~Man; Man; Man~a1-3~GlcA; Man~b1-6~Gal,Gal; Gal~b1-6~Man; Glc; GlcA; GlcA~a1-3~Man; Glc~b1-4~Man; Glc~b1-4~Man~b1-4~Man; Man; Man~a1-3~GlcA; Man~b1-4~Glc; Man~b1-4~Man; Man~b1-4~Man~b1-4~Glc; Man~b1-6~Gal,Gal; Gal~b1-6~Man; Glc; GlcA; GlcA~a1-3~Man; Glc~b1-4~Man; Glc~b1-4~Man~b1-4~Man; Man; Man~a1-3~GlcA; Man~b1-4~Glc; Man~b1-4~Man; Man~b1-4~Man~b1-4~Glc; Man~b1-6~Gal,1.0,1.0,1.0,near-identical (total ≥ 0.9)
CPS31_K30,CPS67_K69,K30,K69,Glc; Man,Glc; Man,Gal; GlcA,Gal; GlcA,Gal; Glc; GlcA; Man,Gal; Glc; GlcA; Man,Glc~~Man; Man~~Man,Glc~~Man; Man~~Man,Gal~~Man; GlcA~~Man,Gal~~Man; GlcA~~Man,Gal~~Man; GlcA~~Man; Glc~~Man; Man~~Man,Gal~~Man; GlcA~~Man; Glc~~Man; Man~~Man,b1-4,b1-4,a1-3; b1-6,a1-3; b1-6,a1-3; b1-4; b1-6,a1-3; b1-4; b1-6,1.0,1.0,1.0,1.0,1.0,1.0,1.0,1.0,1.0,1.0,1.0,1.0,Glc; Glc~b1-4~Man; Glc~b1-4~Man~b1-4~Man; Man; Man~b1-4~Glc; Man~b1-4~Man; Man~b1-4~Man~b1-4~Glc,Glc; Glc~b1-4~Man; Glc~b1-4~Man~b1-4~Man; Man; Man~b1-4~Glc; Man~b1-4~Man; Man~b1-4~Man~b1-4~Glc,Gal; Gal~b1-6~Man; GlcA; GlcA~a1-3~Man; Man; Man~a1-3~GlcA; Man~b1-6~Gal,Gal; Gal~b1-6~Man; GlcA; GlcA~a1-3~Man; Man; Man~a1-3~GlcA; Man~b1-6~Gal,Gal; Gal~b1-6~Man; Glc; GlcA; GlcA~a1-3~Man; Glc~b1-4~Man; Glc~b1-4~Man~b1-4~Man; Man; Man~a1-3~GlcA; Man~b1-4~Glc; Man~b1-4~Man; Man~b1-4~Man~b1-4~Glc; Man~b1-6~Gal,Gal; Gal~b1-6~Man; Glc; GlcA; GlcA~a1-3~Man; Glc~b1-4~Man; Glc~b1-4~Man~b1-4~Man; Man; Man~a1-3~GlcA; Man~b1-4~Glc; Man~b1-4~Man; Man~b1-4~Man~b1-4~Glc; Man~b1-6~Gal,1.0,1.0,1.0,near-identical (total ≥ 0.9)
CPS34_K33,CPS67_K69,K33,K69,Glc; Man,Glc; Man,Gal; GlcA,Gal; GlcA,Gal; Glc; GlcA; Man,Gal; Glc; GlcA; Man,Glc~~Man; Man~~Man,Glc~~Man; Man~~Man,Gal~~Man; GlcA~~Man,Gal~~Man; GlcA~~Man,Gal~~Man; GlcA~~Man; Glc~~Man; Man~~Man,Gal~~Man; GlcA~~Man; Glc~~Man; Man~~Man,b1-4,b1-4,a1-3; b1-6,a1-3; b1-6,a1-3; b1-4; b1-6,a1-3; b1-4; b1-6,1.0,1.0,1.0,1.0,1.0,1.0,1.0,1.0,1.0,1.0,1.0,1.0,Glc; Glc~b1-4~Man; Glc~b1-4~Man~b1-4~Man; Man; Man~b1-4~Glc; Man~b1-4~Man; Man~b1-4~Man~b1-4~Glc,Glc; Glc~b1-4~Man; Glc~b1-4~Man~b1-4~Man; Man; Man~b1-4~Glc; Man~b1-4~Man; Man~b1-4~Man~b1-4~Glc,Gal; Gal~b1-6~Man; GlcA; GlcA~a1-3~Man; Man; Man~a1-3~GlcA; Man~b1-6~Gal,Gal; Gal~b1-6~Man; GlcA; GlcA~a1-3~Man; Man; Man~a1-3~GlcA; Man~b1-6~Gal,Gal; Gal~b1-6~Man; Glc; GlcA; GlcA~a1-3~Man; Glc~b1-4~Man; Glc~b1-4~Man~b1-4~Man; Man; Man~a1-3~GlcA; Man~b1-4~Glc; Man~b1-4~Man; Man~b1-4~Man~b1-4~Glc; Man~b1-6~Gal,Gal; Gal~b1-6~Man; Glc; GlcA; GlcA~a1-3~Man; Glc~b1-4~Man; Glc~b1-4~Man~b1-4~Man; Man; Man~a1-3~GlcA; Man~b1-4~Glc; Man~b1-4~Man; Man~b1-4~Man~b1-4~Glc; Man~b1-6~Gal,1.0,1.0,1.0,near-identical (total ≥ 0.9)
CPS38_K37,CPS81_K41_KK207_2,K37,K41,Gal; Glc,Gal; Glc,Glc; GlcA,Glc; GlcA,Gal; Glc; GlcA,Gal; Glc; GlcA,Gal~~Glc,Gal~~Glc,Gal~~Glc; Glc~~GlcA,Gal~~Glc; Glc~~Glc; Glc~~GlcA,Gal~~Glc; Glc~~GlcA,Gal~~Glc; Glc~~Glc; Glc~~GlcA,b1-3; b1-4,b1-3; b1-4,a6-4; b1-6,a1-4; b1-6,a6-4; b1-3; b1-4; b1-6,a1-4; b1-3; b1-4; b1-6,1.0,1.0,1.0,1.0,0.667,0.333,1.0,0.667,0.6,1.0,0.817,0.857,Gal; Gal~b1-3~Glc; Glc; Glc~b1-3~Gal,Gal; Galf; Galf~a1-2~Gal; Galf~a1-2~Gal~a1-2~Rha; Galf~a1-2~Gal~a1-2~Rha~a1-3~Glc; Gal~a1-2~Galf; Gal~a1-2~Rha; Gal~a1-2~Rha~a1-3~Glc; Glc; Glc~a1-3~Rha; Glc~a1-3~Rha~a1-2~Gal; Glc~a1-3~Rha~a1-2~Gal~a1-2~Galf; Rha; Rha~a1-2~Gal; Rha~a1-2~Gal~a1-2~Galf; Rha~a1-3~Glc,Gal; Gal~a6-4~Glc; Gal~a6-4~Glc~b1-6~GlcA; Glc; GlcA; GlcA~b1-6~Glc; GlcA~b1-6~Glc~a6-4~Gal; Glc~a6-4~Gal; Glc~b1-6~GlcA,Galf; Galf~b1-3~GlcA; Galf~b1-3~GlcA~a1-4~Glc; Galf~b1-3~GlcA~a1-4~Glc~b1-6~Glc; Glc; GlcA; GlcA~a1-4~Glc; GlcA~a1-4~Glc~b1-6~Glc; GlcA~b1-3~Galf; Glc~a1-4~GlcA; Glc~a1-4~GlcA~b1-3~Galf; Glc~b1-6~Glc; Glc~b1-6~Glc~a1-4~GlcA; Glc~b1-6~Glc~a1-4~GlcA~b1-3~Galf,Gal; Gal~a6-4~Glc; Gal~a6-4~Glc~b1-6~GlcA; Gal~b1-3~Glc; Glc; GlcA; GlcA~b1-6~Glc; GlcA~b1-6~Glc~a6-4~Gal; Glc~a6-4~Gal; Glc~b1-3~Gal; Glc~b1-6~GlcA,Gal; Galf; Galf~a1-2~Gal; Galf~a1-2~Gal~a1-2~Rha; Galf~a1-2~Gal~a1-2~Rha~a1-3~Glc; Galf~b1-3~GlcA; Galf~b1-3~GlcA~a1-4~Glc; Galf~b1-3~GlcA~a1-4~Glc~b1-6~Glc; Gal~a1-2~Galf; Gal~a1-2~Rha; Gal~a1-2~Rha~a1-3~Glc; Glc; GlcA; GlcA~a1-4~Glc; GlcA~a1-4~Glc~b1-6~Glc; GlcA~b1-3~Galf; Glc~a1-3~Rha; Glc~a1-3~Rha~a1-2~Gal; Glc~a1-3~Rha~a1-2~Gal~a1-2~Galf; Glc~a1-4~GlcA; Glc~a1-4~GlcA~b1-3~Galf; Glc~b1-6~Glc; Glc~b1-6~Glc~a1-4~GlcA; Glc~b1-6~Glc~a1-4~GlcA~b1-3~Galf; Rha; Rha~a1-2~Gal; Rha~a1-2~Gal~a1-2~Galf; Rha~a1-3~Glc,0.111,0.095,0.083,very-similar with branch variation (total 0.8–0.9)
CPS38_K37,CPS81_K41_KK207_2,K37,K41,Gal; Glc,Gal; Glc,Glc; GlcA,Glc; GlcA,Gal; Glc; GlcA,Gal; Glc; GlcA,Gal~~Glc,Gal~~Glc,Gal~~Glc; Glc~~GlcA,Gal~~Glc; Glc~~Glc; Glc~~GlcA,Gal~~Glc; Glc~~GlcA,Gal~~Glc; Glc~~Glc; Glc~~GlcA,b1-3; b1-4,b1-3; b1-4,a6-4; b1-6,a1-4; b1-6,a6-4; b1-3; b1-4; b1-6,a1-4; b1-3; b1-4; b1-6,1.0,1.0,1.0,1.0,0.667,0.333,1.0,0.667,0.6,1.0,0.817,0.857,Gal; Gal~b1-3~Glc; Glc; Glc~b1-3~Gal,Gal; Galf; Galf~a1-2~Gal; Galf~a1-2~Gal~a1-2~Rha; Galf~a1-2~Gal~a1-2~Rha~a1-3~Glc; Gal~a1-2~Galf; Gal~a1-2~Rha; Gal~a1-2~Rha~a1-3~Glc; Glc; Glc~a1-3~Rha; Glc~a1-3~Rha~a1-2~Gal; Glc~a1-3~Rha~a1-2~Gal~a1-2~Galf; Rha; Rha~a1-2~Gal; Rha~a1-2~Gal~a1-2~Galf; Rha~a1-3~Glc,Gal; Gal~a6-4~Glc; Gal~a6-4~Glc~b1-6~GlcA; Glc; GlcA; GlcA~b1-6~Glc; GlcA~b1-6~Glc~a6-4~Gal; Glc~a6-4~Gal; Glc~b1-6~GlcA,Galf; Galf~b1-3~GlcA; Galf~b1-3~GlcA~a1-4~Glc; Galf~b1-3~GlcA~a1-4~Glc~b1-6~Glc; Glc; GlcA; GlcA~a1-4~Glc; GlcA~a1-4~Glc~b1-6~Glc; GlcA~b1-3~Galf; Glc~a1-4~GlcA; Glc~a1-4~GlcA~b1-3~Galf; Glc~b1-6~Glc; Glc~b1-6~Glc~a1-4~GlcA; Glc~b1-6~Glc~a1-4~GlcA~b1-3~Galf,Gal; Gal~a6-4~Glc; Gal~a6-4~Glc~b1-6~GlcA; Gal~b1-3~Glc; Glc; GlcA; GlcA~b1-6~Glc; GlcA~b1-6~Glc~a6-4~Gal; Glc~a6-4~Gal; Glc~b1-3~Gal; Glc~b1-6~GlcA,Gal; Galf; Galf~a1-2~Gal; Galf~a1-2~Gal~a1-2~Rha; Galf~a1-2~Gal~a1-2~Rha~a1-3~Glc; Galf~b1-3~GlcA; Galf~b1-3~GlcA~a1-4~Glc; Galf~b1-3~GlcA~a1-4~Glc~b1-6~Glc; Gal~a1-2~Galf; Gal~a1-2~Rha; Gal~a1-2~Rha~a1-3~Glc; Glc; GlcA; GlcA~a1-4~Glc; GlcA~a1-4~Glc~b1-6~Glc; GlcA~b1-3~Galf; Glc~a1-3~Rha; Glc~a1-3~Rha~a1-2~Gal; Glc~a1-3~Rha~a1-2~Gal~a1-2~Galf; Glc~a1-4~GlcA; Glc~a1-4~GlcA~b1-3~Galf; Glc~b1-6~Glc; Glc~b1-6~Glc~a1-4~GlcA; Glc~b1-6~Glc~a1-4~GlcA~b1-3~Galf; Rha; Rha~a1-2~Gal; Rha~a1-2~Gal~a1-2~Galf; Rha~a1-3~Glc,0.111,0.095,0.083,very-similar with branch variation (total 0.8–0.9)
CPS81_K41_KK207_2,CPS81_K41_KK207_2,K41,K41,Gal; Glc,Gal; Glc,Glc; GlcA,Glc; GlcA,Gal; Glc; GlcA,Gal; Glc; GlcA,Gal~~Glc,Gal~~Glc,Gal~~Glc; Glc~~Glc; Glc~~GlcA,Gal~~Glc; Glc~~Glc; Glc~~GlcA,Gal~~Glc; Glc~~Glc; Glc~~GlcA,Gal~~Glc; Glc~~Glc; Glc~~GlcA,b1-3; b1-4,b1-3; b1-4,a1-4; b1-6,a1-4; b1-6,a1-4; b1-3; b1-4; b1-6,a1-4; b1-3; b1-4; b1-6,1.0,1.0,1.0,1.0,1.0,1.0,1.0,1.0,1.0,1.0,1.0,1.0,Gal; Galf; Galf~a1-2~Gal; Galf~a1-2~Gal~a1-2~Rha; Galf~a1-2~Gal~a1-2~Rha~a1-3~Glc; Gal~a1-2~Galf; Gal~a1-2~Rha; Gal~a1-2~Rha~a1-3~Glc; Glc; Glc~a1-3~Rha; Glc~a1-3~Rha~a1-2~Gal; Glc~a1-3~Rha~a1-2~Gal~a1-2~Galf; Rha; Rha~a1-2~Gal; Rha~a1-2~Gal~a1-2~Galf; Rha~a1-3~Glc,Gal; Galf; Galf~a1-2~Gal; Galf~a1-2~Gal~a1-2~Rha; Galf~a1-2~Gal~a1-2~Rha~a1-3~Glc; Gal~a1-2~Galf; Gal~a1-2~Rha; Gal~a1-2~Rha~a1-3~Glc; Glc; Glc~a1-3~Rha; Glc~a1-3~Rha~a1-2~Gal; Glc~a1-3~Rha~a1-2~Gal~a1-2~Galf; Rha; Rha~a1-2~Gal; Rha~a1-2~Gal~a1-2~Galf; Rha~a1-3~Glc,Galf; Galf~b1-3~GlcA; Galf~b1-3~GlcA~a1-4~Glc; Galf~b1-3~GlcA~a1-4~Glc~b1-6~Glc; Glc; GlcA; GlcA~a1-4~Glc; GlcA~a1-4~Glc~b1-6~Glc; GlcA~b1-3~Galf; Glc~a1-4~GlcA; Glc~a1-4~GlcA~b1-3~Galf; Glc~b1-6~Glc; Glc~b1-6~Glc~a1-4~GlcA; Glc~b1-6~Glc~a1-4~GlcA~b1-3~Galf,Galf; Galf~b1-3~GlcA; Galf~b1-3~GlcA~a1-4~Glc; Galf~b1-3~GlcA~a1-4~Glc~b1-6~Glc; Glc; GlcA; GlcA~a1-4~Glc; GlcA~a1-4~Glc~b1-6~Glc; GlcA~b1-3~Galf; Glc~a1-4~GlcA; Glc~a1-4~GlcA~b1-3~Galf; Glc~b1-6~Glc; Glc~b1-6~Glc~a1-4~GlcA; Glc~b1-6~Glc~a1-4~GlcA~b1-3~Galf,Gal; Galf; Galf~a1-2~Gal; Galf~a1-2~Gal~a1-2~Rha; Galf~a1-2~Gal~a1-2~Rha~a1-3~Glc; Galf~b1-3~GlcA; Galf~b1-3~GlcA~a1-4~Glc; Galf~b1-3~GlcA~a1-4~Glc~b1-6~Glc; Gal~a1-2~Galf; Gal~a1-2~Rha; Gal~a1-2~Rha~a1-3~Glc; Glc; GlcA; GlcA~a1-4~Glc; GlcA~a1-4~Glc~b1-6~Glc; GlcA~b1-3~Galf; Glc~a1-3~Rha; Glc~a1-3~Rha~a1-2~Gal; Glc~a1-3~Rha~a1-2~Gal~a1-2~Galf; Glc~a1-4~GlcA; Glc~a1-4~GlcA~b1-3~Galf; Glc~b1-6~Glc; Glc~b1-6~Glc~a1-4~GlcA; Glc~b1-6~Glc~a1-4~GlcA~b1-3~Galf; Rha; Rha~a1-2~Gal; Rha~a1-2~Gal~a1-2~Galf; Rha~a1-3~Glc,Gal; Galf; Galf~a1-2~Gal; Galf~a1-2~Gal~a1-2~Rha; Galf~a1-2~Gal~a1-2~Rha~a1-3~Glc; Galf~b1-3~GlcA; Galf~b1-3~GlcA~a1-4~Glc; Galf~b1-3~GlcA~a1-4~Glc~b1-6~Glc; Gal~a1-2~Galf; Gal~a1-2~Rha; Gal~a1-2~Rha~a1-3~Glc; Glc; GlcA; GlcA~a1-4~Glc; GlcA~a1-4~Glc~b1-6~Glc; GlcA~b1-3~Galf; Glc~a1-3~Rha; Glc~a1-3~Rha~a1-2~Gal; Glc~a1-3~Rha~a1-2~Gal~a1-2~Galf; Glc~a1-4~GlcA; Glc~a1-4~GlcA~b1-3~Galf; Glc~b1-6~Glc; Glc~b1-6~Glc~a1-4~GlcA; Glc~b1-6~Glc~a1-4~GlcA~b1-3~Galf; Rha; Rha~a1-2~Gal; Rha~a1-2~Gal~a1-2~Galf; Rha~a1-3~Glc,1.0,1.0,1.0,near-identical (total ≥ 0.9)
CPS43_K43,CPS72_K74,K43,K74,Gal; Man,Gal; Man,GlcA; Man,Gal; GlcA,Gal; GlcA; Man,Gal; GlcA; Man,Gal~~Man; Man~~Man,Gal~~Man; Man~~Man,GlcA~~Man,Gal~~GlcA; GlcA~~Man,Gal~~Man; GlcA~~Man; Man~~Man,Gal~~GlcA; Gal~~Man; GlcA~~Man; Man~~Man,a1-2; a1-3,a1-2; a1-3; b1-2,b1-2; b1-4,a1-3; b1-4,a1-2; a1-3; b1-2; b1-4,a1-2; a1-3; b1-2; b1-4,1.0,1.0,0.667,0.333,0.5,0.333,1.0,0.75,1.0,0.95,0.375,0.938,Gal; Gal~a1-3~Man; Gal~a1-3~Man~a1-2~Man; Man; Man~a1-2~Man; Man~a1-2~Man~a1-3~Gal; Man~a1-3~Gal,Gal; Gal~b1-2~Man; Gal~b1-2~Man~a1-2~Man; Man; Man~a1-2~Man; Man~a1-2~Man~b1-2~Gal; Man~b1-2~Gal,GlcA; GlcA~b1-2~Man; GlcA~b1-4~Man; Man; Man~b1-2~GlcA; Man~b1-2~GlcA~b1-4~Man; Man~b1-4~GlcA; Man~b1-4~GlcA~b1-2~Man,Gal; Gal~b1-4~GlcA; Gal~b1-4~GlcA~a1-3~Man; GlcA; GlcA~a1-3~Man; GlcA~b1-4~Gal; Man; Man~a1-3~GlcA; Man~a1-3~GlcA~b1-4~Gal,Gal; Gal~a1-3~Man; Gal~a1-3~Man~a1-2~Man; GlcA; GlcA~b1-2~Man; GlcA~b1-4~Man; Man; Man~a1-2~Man; Man~a1-2~Man~a1-3~Gal; Man~a1-3~Gal; Man~b1-2~GlcA; Man~b1-2~GlcA~b1-4~Man; Man~b1-4~GlcA; Man~b1-4~GlcA~b1-2~Man,Gal; Gal~b1-2~Man; Gal~b1-2~Man~a1-2~Man; Gal~b1-4~GlcA; Gal~b1-4~GlcA~a1-3~Man; GlcA; GlcA~a1-3~Man; GlcA~b1-4~Gal; Man; Man~a1-2~Man; Man~a1-2~Man~b1-2~Gal; Man~a1-3~GlcA; Man~a1-3~GlcA~b1-4~Gal; Man~b1-2~Gal,0.273,0.133,0.167,near-identical (total ≥ 0.9)
CPS43_K43,CPS74_K80,K43,K80,Gal; Man,Gal; Man,GlcA; Man,GlcA; Rha,Gal; GlcA; Man,Gal; GlcA; Man; Rha,Gal~~Man; Man~~Man,Gal~~Man; Man~~Man,GlcA~~Man,GlcA~~Man; GlcA~~Rha,Gal~~Man; GlcA~~Man; Man~~Man,Gal~~Man; GlcA~~Man; GlcA~~Rha; Man~~Man,a1-2; a1-3,a1-2; a1-3; b1-2,b1-2; b1-4,a1-3; b1-4,a1-2; a1-3; b1-2; b1-4,a1-2; a1-3; b1-2; b1-4,1.0,1.0,0.667,0.333,0.5,0.333,0.75,0.75,1.0,0.95,0.375,0.787,Gal; Gal~a1-3~Man; Gal~a1-3~Man~a1-2~Man; Man; Man~a1-2~Man; Man~a1-2~Man~a1-3~Gal; Man~a1-3~Gal,Gal; Gal~b1-2~Man; Gal~b1-2~Man~a1-2~Man; Man; Man~a1-2~Man; Man~a1-2~Man~b1-2~Gal; Man~b1-2~Gal,GlcA; GlcA~b1-2~Man; GlcA~b1-4~Man; Man; Man~b1-2~GlcA; Man~b1-2~GlcA~b1-4~Man; Man~b1-4~GlcA; Man~b1-4~GlcA~b1-2~Man,GlcA; GlcA~a1-3~Man; GlcA~b1-4~Rha; Man; Man~a1-3~GlcA; Man~a1-3~GlcA~b1-4~Rha; Rha; Rha~b1-4~GlcA; Rha~b1-4~GlcA~a1-3~Man,Gal; Gal~a1-3~Man; Gal~a1-3~Man~a1-2~Man; GlcA; GlcA~b1-2~Man; GlcA~b1-4~Man; Man; Man~a1-2~Man; Man~a1-2~Man~a1-3~Gal; Man~a1-3~Gal; Man~b1-2~GlcA; Man~b1-2~GlcA~b1-4~Man; Man~b1-4~GlcA; Man~b1-4~GlcA~b1-2~Man,Gal; Gal~b1-2~Man; Gal~b1-2~Man~a1-2~Man; GlcA; GlcA~a1-3~Man; GlcA~b1-4~Rha; Man; Man~a1-2~Man; Man~a1-2~Man~b1-2~Gal; Man~a1-3~GlcA; Man~a1-3~GlcA~b1-4~Rha; Man~b1-2~Gal; Rha; Rha~b1-4~GlcA; Rha~b1-4~GlcA~a1-3~Man,0.273,0.133,0.16,somewhat-similar with branch variation (total < 0.8)
CPS45_K45,CPS69_K71,K45,K71,Glc; Rha,Glc; Rha,GlcA,Glc; GlcA; Rha,Glc; GlcA; Rha,Glc; GlcA; Rha,Glc~~Rha; Rha~~Rha,Glc~~Rha; Rha~~Rha,GlcA~~Rha,GlcA~~Rha; Glc~~Rha; Rha~~Rha,GlcA~~Rha; Glc~~Rha; Rha~~Rha,GlcA~~Rha; Glc~~Rha; Rha~~Rha,a1-2; a1-3; b1-2,a1-2; a1-3; b1-2,b1-3,a1-3; b1-2; b1-3,a1-2; a1-3; b1-2; b1-3,a1-2; a1-3; b1-2; b1-3,1.0,1.0,1.0,0.333,0.333,0.333,1.0,1.0,1.0,1.0,0.333,1.0,Glc; Glc~b1-2~Rha; Glc~b1-2~Rha~a1-2~Rha; Glc~b1-2~Rha~a1-2~Rha~a1-3~Rha; Rha; Rha~a1-2~Rha; Rha~a1-2~Rha~a1-3~Rha; Rha~a1-2~Rha~b1-2~Glc; Rha~a1-3~Rha; Rha~a1-3~Rha~a1-2~Rha; Rha~a1-3~Rha~a1-2~Rha~b1-2~Glc; Rha~b1-2~Glc,Glc; Glc~a1-3~Rha; Glc~b1-2~Rha; Glc~b1-2~Rha~a1-2~Rha; Rha; Rha~a1-2~Rha; Rha~a1-2~Rha~b1-2~Glc; Rha~a1-2~Rha~b1-2~Glc~a1-3~Rha; Rha~a1-3~Glc; Rha~a1-3~Glc~b1-2~Rha; Rha~a1-3~Glc~b1-2~Rha~a1-2~Rha; Rha~b1-2~Glc; Rha~b1-2~Glc~a1-3~Rha,GlcA; GlcA~b1-3~Rha; Rha; Rha~b1-3~GlcA,Glc; GlcA; GlcA~b1-3~Rha; GlcA~b1-3~Rha~a1-3~Rha; Glc~b1-2~Rha; Glc~b1-2~Rha~a1-3~Rha; Rha; Rha~a1-3~Rha; Rha~a1-3~Rha~b1-2~Glc; Rha~a1-3~Rha~b1-3~GlcA; Rha~b1-2~Glc; Rha~b1-3~GlcA,Glc; GlcA; GlcA~b1-3~Rha; Glc~b1-2~Rha; Glc~b1-2~Rha~a1-2~Rha; Glc~b1-2~Rha~a1-2~Rha~a1-3~Rha; Rha; Rha~a1-2~Rha; Rha~a1-2~Rha~a1-3~Rha; Rha~a1-2~Rha~b1-2~Glc; Rha~a1-3~Rha; Rha~a1-3~Rha~a1-2~Rha; Rha~a1-3~Rha~a1-2~Rha~b1-2~Glc; Rha~b1-2~Glc; Rha~b1-3~GlcA,Glc; GlcA; GlcA~b1-3~Rha; GlcA~b1-3~Rha~a1-3~Rha; Glc~a1-3~Rha; Glc~b1-2~Rha; Glc~b1-2~Rha~a1-2~Rha; Glc~b1-2~Rha~a1-3~Rha; Rha; Rha~a1-2~Rha; Rha~a1-2~Rha~b1-2~Glc; Rha~a1-2~Rha~b1-2~Glc~a1-3~Rha; Rha~a1-3~Glc; Rha~a1-3~Glc~b1-2~Rha; Rha~a1-3~Glc~b1-2~Rha~a1-2~Rha; Rha~a1-3~Rha; Rha~a1-3~Rha~b1-2~Glc; Rha~a1-3~Rha~b1-3~GlcA; Rha~b1-2~Glc; Rha~b1-2~Glc~a1-3~Rha; Rha~b1-3~GlcA,0.389,0.333,0.44,near-identical (total ≥ 0.9)
CPS45_K45,CPS70_K72,K45,K72,Glc; Rha,Glc; Rha,GlcA,,Glc; GlcA; Rha,Glc; Rha,Glc~~Rha; Rha~~Rha,Glc~~Rha; Rha~~Rha,GlcA~~Rha,,GlcA~~Rha; Glc~~Rha; Rha~~Rha,Glc~~Rha; Rha~~Rha,a1-2; a1-3; b1-2,a1-2; a1-3,b1-3,,a1-2; a1-3; b1-2; b1-3,a1-2; a1-3,1.0,1.0,0.667,0.0,0.0,0.0,0.667,0.667,0.5,0.95,0.0,0.642,Glc; Glc~b1-2~Rha; Glc~b1-2~Rha~a1-2~Rha; Glc~b1-2~Rha~a1-2~Rha~a1-3~Rha; Rha; Rha~a1-2~Rha; Rha~a1-2~Rha~a1-3~Rha; Rha~a1-2~Rha~b1-2~Glc; Rha~a1-3~Rha; Rha~a1-3~Rha~a1-2~Rha; Rha~a1-3~Rha~a1-2~Rha~b1-2~Glc; Rha~b1-2~Glc,Glc; Glc~a1-3~Rha; Glc~a1-3~Rha~a1-2~Rha; Glc~a1-3~Rha~a1-2~Rha~a1-3~Rha; Rha; Rha~a1-2~Rha; Rha~a1-2~Rha~a1-3~Glc; Rha~a1-2~Rha~a1-3~Rha; Rha~a1-3~Glc; Rha~a1-3~Rha; Rha~a1-3~Rha~a1-2~Rha; Rha~a1-3~Rha~a1-2~Rha~a1-3~Glc,GlcA; GlcA~b1-3~Rha; Rha; Rha~b1-3~GlcA,,Glc; GlcA; GlcA~b1-3~Rha; Glc~b1-2~Rha; Glc~b1-2~Rha~a1-2~Rha; Glc~b1-2~Rha~a1-2~Rha~a1-3~Rha; Rha; Rha~a1-2~Rha; Rha~a1-2~Rha~a1-3~Rha; Rha~a1-2~Rha~b1-2~Glc; Rha~a1-3~Rha; Rha~a1-3~Rha~a1-2~Rha; Rha~a1-3~Rha~a1-2~Rha~b1-2~Glc; Rha~b1-2~Glc; Rha~b1-3~GlcA,Glc; Glc~a1-3~Rha; Glc~a1-3~Rha~a1-2~Rha; Glc~a1-3~Rha~a1-2~Rha~a1-3~Rha; Rha; Rha~a1-2~Rha; Rha~a1-2~Rha~a1-3~Glc; Rha~a1-2~Rha~a1-3~Rha; Rha~a1-3~Glc; Rha~a1-3~Rha; Rha~a1-3~Rha~a1-2~Rha; Rha~a1-3~Rha~a1-2~Rha~a1-3~Glc,0.333,0.0,0.286,somewhat-similar with branch variation (total < 0.8)
CPS47_K47,CPS77_K83,K47,K83,Gal; Rha,Gal; Rha,GlcA; Rha,Gal; GlcA,Gal; GlcA; Rha,Gal; GlcA; Rha,Gal~~Rha,Gal~~Rha,GlcA~~Rha,Gal~~GlcA; Gal~~Rha,Gal~~Rha; GlcA~~Rha,Gal~~GlcA; Gal~~Rha,a1-3; b1-4,a1-3; b1-4,a1-4; b1-3,a1-3,a1-3; a1-4; b1-3; b1-4,a1-3; b1-4,1.0,1.0,1.0,0.333,0.0,0.0,1.0,0.333,0.5,1.0,0.2,0.758,Gal; Gal~b1-4~Rha; Rha; Rha~b1-4~Gal,Gal; Gal~b1-4~Rha; Rha; Rha~b1-4~Gal,GlcA; GlcA~a1-4~Rha; GlcA~b1-3~Rha; Rha; Rha~a1-4~GlcA; Rha~a1-4~GlcA~b1-3~Rha; Rha~b1-3~GlcA; Rha~b1-3~GlcA~a1-4~Rha,Gal; Gal~a1-3~GlcA; Gal~a1-3~Rha; GlcA; GlcA~a1-3~Gal; GlcA~a1-3~Gal~a1-3~Rha; Rha; Rha~a1-3~Gal; Rha~a1-3~Gal~a1-3~GlcA,Gal; Gal~b1-4~Rha; GlcA; GlcA~a1-4~Rha; GlcA~b1-3~Rha; Rha; Rha~a1-4~GlcA; Rha~a1-4~GlcA~b1-3~Rha; Rha~b1-3~GlcA; Rha~b1-3~GlcA~a1-4~Rha; Rha~b1-4~Gal,Gal; Gal~a1-3~GlcA; Gal~a1-3~Rha; Gal~b1-4~Rha; GlcA; GlcA~a1-3~Gal; GlcA~a1-3~Gal~a1-3~Rha; Rha; Rha~a1-3~Gal; Rha~a1-3~Gal~a1-3~GlcA; Rha~b1-4~Gal,1.0,0.133,0.294,somewhat-similar with branch variation (total < 0.8)
CPS55_K56,CPS76_K82,K56,K82,Gal; Glc,Gal; Glc,Rha,GlcA,Gal; Glc; Rha,Gal; Glc; GlcA,Gal~~Gal; Gal~~Glc,Gal~~Gal; Gal~~Glc,Gal~~Rha,Gal~~GlcA,Gal~~Gal; Gal~~Glc; Gal~~Rha,Gal~~Gal; Gal~~Glc; Gal~~GlcA,a1-3; b1-3,a1-3; b1-3,a1-2,b1-4,a1-2; a1-3; b1-3,a1-3; b1-3; b1-4,1.0,1.0,1.0,0.0,0.0,0.0,0.5,0.5,0.5,1.0,0.0,0.5,Gal; Gal~a1-3~Gal; Gal~a1-3~Gal~b1-3~Gal; Gal~a1-3~Gal~b1-3~Gal~b1-3~Glc; Gal~b1-3~Gal; Gal~b1-3~Gal~a1-3~Gal; Gal~b1-3~Gal~b1-3~Glc; Gal~b1-3~Glc; Glc; Glc~b1-3~Gal; Glc~b1-3~Gal~b1-3~Gal; Glc~b1-3~Gal~b1-3~Gal~a1-3~Gal,Gal; Gal~a1-3~Glc; Gal~b1-3~Gal; Gal~b1-3~Gal~a1-3~Glc; Glc; Glc~a1-3~Gal; Glc~a1-3~Gal~b1-3~Gal,Gal; Gal~a1-2~Rha; Rha; Rha~a1-2~Gal,Gal; Gal~b1-4~GlcA; GlcA; GlcA~b1-4~Gal,Gal; Gal~a1-2~Rha; Gal~a1-3~Gal; Gal~a1-3~Gal~b1-3~Gal; Gal~a1-3~Gal~b1-3~Gal~b1-3~Glc; Gal~b1-3~Gal; Gal~b1-3~Gal~a1-3~Gal; Gal~b1-3~Gal~b1-3~Glc; Gal~b1-3~Glc; Glc; Glc~b1-3~Gal; Glc~b1-3~Gal~b1-3~Gal; Glc~b1-3~Gal~b1-3~Gal~a1-3~Gal; Rha; Rha~a1-2~Gal,Gal; Gal~a1-3~Glc; Gal~b1-3~Gal; Gal~b1-3~Gal~a1-3~Glc; Gal~b1-4~GlcA; Glc; GlcA; GlcA~b1-4~Gal; Glc~a1-3~Gal; Glc~a1-3~Gal~b1-3~Gal,0.188,0.143,0.136,somewhat-similar with branch variation (total < 0.8)
CPS55_K56,CPS79_K8_A4,K56,K8,Gal; Glc,Gal; Glc,Rha,Gal; GlcA,Gal; Glc; Rha,Gal; Glc; GlcA,Gal~~Gal; Gal~~Glc,Gal~~Gal; Gal~~Glc,Gal~~Rha,Gal~~Gal; Gal~~GlcA,Gal~~Gal; Gal~~Glc; Gal~~Rha,Gal~~Gal; Gal~~Glc; Gal~~GlcA,a1-3; b1-3,a1-3; b1-3,a1-2,a1-2; b1-4,a1-2; a1-3; b1-3,a1-2; a1-3; b1-3; b1-4,1.0,1.0,1.0,0.0,0.0,0.5,0.5,0.5,0.75,1.0,0.075,0.537,Gal; Gal~a1-3~Gal; Gal~a1-3~Gal~b1-3~Gal; Gal~a1-3~Gal~b1-3~Gal~b1-3~Glc; Gal~b1-3~Gal; Gal~b1-3~Gal~a1-3~Gal; Gal~b1-3~Gal~b1-3~Glc; Gal~b1-3~Glc; Glc; Glc~b1-3~Gal; Glc~b1-3~Gal~b1-3~Gal; Glc~b1-3~Gal~b1-3~Gal~a1-3~Gal,Gal; Gal~a1-3~Gal; Gal~a1-3~Gal~b1-3~Gal; Gal~a1-3~Gal~b1-4~Glc; Gal~b1-3~Gal; Gal~b1-3~Gal~a1-3~Gal; Gal~b1-3~Gal~a1-3~Gal~b1-4~Glc; Gal~b1-4~Glc; Glc; Glc~b1-4~Gal; Glc~b1-4~Gal~a1-3~Gal; Glc~b1-4~Gal~a1-3~Gal~b1-3~Gal,Gal; Gal~a1-2~Rha; Rha; Rha~a1-2~Gal,Gal; Gal~b1-4~GlcA; GlcA; GlcA~b1-4~Gal,Gal; Gal~a1-2~Rha; Gal~a1-3~Gal; Gal~a1-3~Gal~b1-3~Gal; Gal~a1-3~Gal~b1-3~Gal~b1-3~Glc; Gal~b1-3~Gal; Gal~b1-3~Gal~a1-3~Gal; Gal~b1-3~Gal~b1-3~Glc; Gal~b1-3~Glc; Glc; Glc~b1-3~Gal; Glc~b1-3~Gal~b1-3~Gal; Glc~b1-3~Gal~b1-3~Gal~a1-3~Gal; Rha; Rha~a1-2~Gal,Gal; Gal~a1-3~Gal; Gal~a1-3~Gal~b1-3~Gal; Gal~a1-3~Gal~b1-4~Glc; Gal~b1-3~Gal; Gal~b1-3~Gal~a1-3~Gal; Gal~b1-3~Gal~a1-3~Gal~b1-4~Glc; Gal~b1-4~Glc; Gal~b1-4~GlcA; Glc; GlcA; GlcA~b1-4~Gal; Glc~b1-4~Gal; Glc~b1-4~Gal~a1-3~Gal; Glc~b1-4~Gal~a1-3~Gal~b1-3~Gal,0.333,0.143,0.25,somewhat-similar with branch variation (total < 0.8)
CPS55_K56,CPS80_UNK_SK1,K56,UNK,Gal; Glc,Gal; Glc,Rha,GlcA,Gal; Glc; Rha,Gal; Glc; GlcA,Gal~~Gal; Gal~~Glc,Gal~~Gal; Gal~~Glc,Gal~~Rha,Gal~~GlcA,Gal~~Gal; Gal~~Glc; Gal~~Rha,Gal~~Gal; Gal~~Glc; Gal~~GlcA,a1-3; b1-3,a1-3; b1-3,a1-2,b1-4,a1-2; a1-3; b1-3,a1-3; b1-3; b1-4,1.0,1.0,1.0,0.0,0.0,0.0,0.5,0.5,0.5,1.0,0.0,0.5,Gal; Gal~a1-3~Gal; Gal~a1-3~Gal~b1-3~Gal; Gal~a1-3~Gal~b1-3~Gal~b1-3~Glc; Gal~b1-3~Gal; Gal~b1-3~Gal~a1-3~Gal; Gal~b1-3~Gal~b1-3~Glc; Gal~b1-3~Glc; Glc; Glc~b1-3~Gal; Glc~b1-3~Gal~b1-3~Gal; Glc~b1-3~Gal~b1-3~Gal~a1-3~Gal,Gal; Gal~a1-3~Glc; Gal~b1-3~Gal; Gal~b1-3~Gal~a1-3~Glc; Glc; Glc~a1-3~Gal; Glc~a1-3~Gal~b1-3~Gal,Gal; Gal~a1-2~Rha; Rha; Rha~a1-2~Gal,Gal; Gal~b1-4~GlcA; GlcA; GlcA~b1-4~Gal,Gal; Gal~a1-2~Rha; Gal~a1-3~Gal; Gal~a1-3~Gal~b1-3~Gal; Gal~a1-3~Gal~b1-3~Gal~b1-3~Glc; Gal~b1-3~Gal; Gal~b1-3~Gal~a1-3~Gal; Gal~b1-3~Gal~b1-3~Glc; Gal~b1-3~Glc; Glc; Glc~b1-3~Gal; Glc~b1-3~Gal~b1-3~Gal; Glc~b1-3~Gal~b1-3~Gal~a1-3~Gal; Rha; Rha~a1-2~Gal,Gal; Gal~a1-3~Glc; Gal~b1-3~Gal; Gal~b1-3~Gal~a1-3~Glc; Gal~b1-4~GlcA; Glc; GlcA; GlcA~b1-4~Gal; Glc~a1-3~Gal; Glc~a1-3~Gal~b1-3~Gal,0.188,0.143,0.136,somewhat-similar with branch variation (total < 0.8)
CPS69_K71,CPS70_K72,K71,K72,Glc; Rha,Glc; Rha,Glc; GlcA; Rha,,Glc; GlcA; Rha,Glc; Rha,Glc~~Rha; Rha~~Rha,Glc~~Rha; Rha~~Rha,GlcA~~Rha; Glc~~Rha; Rha~~Rha,,GlcA~~Rha; Glc~~Rha; Rha~~Rha,Glc~~Rha; Rha~~Rha,a1-2; a1-3; b1-2,a1-2; a1-3,a1-3; b1-2; b1-3,,a1-2; a1-3; b1-2; b1-3,a1-2; a1-3,1.0,1.0,0.667,0.0,0.0,0.0,0.667,0.667,0.5,0.95,0.0,0.642,Glc; Glc~a1-3~Rha; Glc~b1-2~Rha; Glc~b1-2~Rha~a1-2~Rha; Rha; Rha~a1-2~Rha; Rha~a1-2~Rha~b1-2~Glc; Rha~a1-2~Rha~b1-2~Glc~a1-3~Rha; Rha~a1-3~Glc; Rha~a1-3~Glc~b1-2~Rha; Rha~a1-3~Glc~b1-2~Rha~a1-2~Rha; Rha~b1-2~Glc; Rha~b1-2~Glc~a1-3~Rha,Glc; Glc~a1-3~Rha; Glc~a1-3~Rha~a1-2~Rha; Glc~a1-3~Rha~a1-2~Rha~a1-3~Rha; Rha; Rha~a1-2~Rha; Rha~a1-2~Rha~a1-3~Glc; Rha~a1-2~Rha~a1-3~Rha; Rha~a1-3~Glc; Rha~a1-3~Rha; Rha~a1-3~Rha~a1-2~Rha; Rha~a1-3~Rha~a1-2~Rha~a1-3~Glc,Glc; GlcA; GlcA~b1-3~Rha; GlcA~b1-3~Rha~a1-3~Rha; Glc~b1-2~Rha; Glc~b1-2~Rha~a1-3~Rha; Rha; Rha~a1-3~Rha; Rha~a1-3~Rha~b1-2~Glc; Rha~a1-3~Rha~b1-3~GlcA; Rha~b1-2~Glc; Rha~b1-3~GlcA,,Glc; GlcA; GlcA~b1-3~Rha; GlcA~b1-3~Rha~a1-3~Rha; Glc~a1-3~Rha; Glc~b1-2~Rha; Glc~b1-2~Rha~a1-2~Rha; Glc~b1-2~Rha~a1-3~Rha; Rha; Rha~a1-2~Rha; Rha~a1-2~Rha~b1-2~Glc; Rha~a1-2~Rha~b1-2~Glc~a1-3~Rha; Rha~a1-3~Glc; Rha~a1-3~Glc~b1-2~Rha; Rha~a1-3~Glc~b1-2~Rha~a1-2~Rha; Rha~a1-3~Rha; Rha~a1-3~Rha~b1-2~Glc; Rha~a1-3~Rha~b1-3~GlcA; Rha~b1-2~Glc; Rha~b1-2~Glc~a1-3~Rha; Rha~b1-3~GlcA,Glc; Glc~a1-3~Rha; Glc~a1-3~Rha~a1-2~Rha; Glc~a1-3~Rha~a1-2~Rha~a1-3~Rha; Rha; Rha~a1-2~Rha; Rha~a1-2~Rha~a1-3~Glc; Rha~a1-2~Rha~a1-3~Rha; Rha~a1-3~Glc; Rha~a1-3~Rha; Rha~a1-3~Rha~a1-2~Rha; Rha~a1-3~Rha~a1-2~Rha~a1-3~Glc,0.25,0.0,0.222,somewhat-similar with branch variation (total < 0.8)
CPS72_K74,CPS74_K80,K74,K80,Gal; Man,Gal; Man,Gal; GlcA,GlcA; Rha,Gal; GlcA; Man,Gal; GlcA; Man; Rha,Gal~~Man; Man~~Man,Gal~~Man; Man~~Man,Gal~~GlcA; GlcA~~Man,GlcA~~Man; GlcA~~Rha,Gal~~GlcA; Gal~~Man; GlcA~~Man; Man~~Man,Gal~~Man; GlcA~~Man; GlcA~~Rha; Man~~Man,a1-2; a1-3; b1-2,a1-2; a1-3; b1-2,a1-3; b1-4,a1-3; b1-4,a1-2; a1-3; b1-2; b1-4,a1-2; a1-3; b1-2; b1-4,1.0,1.0,1.0,0.333,0.333,1.0,0.75,0.6,1.0,1.0,0.433,0.75,Gal; Gal~b1-2~Man; Gal~b1-2~Man~a1-2~Man; Man; Man~a1-2~Man; Man~a1-2~Man~b1-2~Gal; Man~b1-2~Gal,Gal; Gal~b1-2~Man; Gal~b1-2~Man~a1-2~Man; Man; Man~a1-2~Man; Man~a1-2~Man~b1-2~Gal; Man~b1-2~Gal,Gal; Gal~b1-4~GlcA; Gal~b1-4~GlcA~a1-3~Man; GlcA; GlcA~a1-3~Man; GlcA~b1-4~Gal; Man; Man~a1-3~GlcA; Man~a1-3~GlcA~b1-4~Gal,GlcA; GlcA~a1-3~Man; GlcA~b1-4~Rha; Man; Man~a1-3~GlcA; Man~a1-3~GlcA~b1-4~Rha; Rha; Rha~b1-4~GlcA; Rha~b1-4~GlcA~a1-3~Man,Gal; Gal~b1-2~Man; Gal~b1-2~Man~a1-2~Man; Gal~b1-4~GlcA; Gal~b1-4~GlcA~a1-3~Man; GlcA; GlcA~a1-3~Man; GlcA~b1-4~Gal; Man; Man~a1-2~Man; Man~a1-2~Man~b1-2~Gal; Man~a1-3~GlcA; Man~a1-3~GlcA~b1-4~Gal; Man~b1-2~Gal,Gal; Gal~b1-2~Man; Gal~b1-2~Man~a1-2~Man; GlcA; GlcA~a1-3~Man; GlcA~b1-4~Rha; Man; Man~a1-2~Man; Man~a1-2~Man~b1-2~Gal; Man~a1-3~GlcA; Man~a1-3~GlcA~b1-4~Rha; Man~b1-2~Gal; Rha; Rha~b1-4~GlcA; Rha~b1-4~GlcA~a1-3~Man,1.0,0.286,0.526,somewhat-similar with branch variation (total < 0.8)
CPS76_K82,CPS79_K8_A4,K82,K8,Gal; Glc,Gal; Glc,GlcA,Gal; GlcA,Gal; Glc; GlcA,Gal; Glc; GlcA,Gal~~Gal; Gal~~Glc,Gal~~Gal; Gal~~Glc,Gal~~GlcA,Gal~~Gal; Gal~~GlcA,Gal~~Gal; Gal~~Glc; Gal~~GlcA,Gal~~Gal; Gal~~Glc; Gal~~GlcA,a1-3; b1-3,a1-3; b1-3,b1-4,a1-2; b1-4,a1-3; b1-3; b1-4,a1-2; a1-3; b1-3; b1-4,1.0,1.0,1.0,0.5,0.5,0.5,1.0,1.0,0.75,1.0,0.5,0.963,Gal; Gal~a1-3~Glc; Gal~b1-3~Gal; Gal~b1-3~Gal~a1-3~Glc; Glc; Glc~a1-3~Gal; Glc~a1-3~Gal~b1-3~Gal,Gal; Gal~a1-3~Gal; Gal~a1-3~Gal~b1-3~Gal; Gal~a1-3~Gal~b1-4~Glc; Gal~b1-3~Gal; Gal~b1-3~Gal~a1-3~Gal; Gal~b1-3~Gal~a1-3~Gal~b1-4~Glc; Gal~b1-4~Glc; Glc; Glc~b1-4~Gal; Glc~b1-4~Gal~a1-3~Gal; Glc~b1-4~Gal~a1-3~Gal~b1-3~Gal,Gal; Gal~b1-4~GlcA; GlcA; GlcA~b1-4~Gal,Gal; Gal~b1-4~GlcA; GlcA; GlcA~b1-4~Gal,Gal; Gal~a1-3~Glc; Gal~b1-3~Gal; Gal~b1-3~Gal~a1-3~Glc; Gal~b1-4~GlcA; Glc; GlcA; GlcA~b1-4~Gal; Glc~a1-3~Gal; Glc~a1-3~Gal~b1-3~Gal,Gal; Gal~a1-3~Gal; Gal~a1-3~Gal~b1-3~Gal; Gal~a1-3~Gal~b1-4~Glc; Gal~b1-3~Gal; Gal~b1-3~Gal~a1-3~Gal; Gal~b1-3~Gal~a1-3~Gal~b1-4~Glc; Gal~b1-4~Glc; Gal~b1-4~GlcA; Glc; GlcA; GlcA~b1-4~Gal; Glc~b1-4~Gal; Glc~b1-4~Gal~a1-3~Gal; Glc~b1-4~Gal~a1-3~Gal~b1-3~Gal,0.188,1.0,0.316,near-identical (total ≥ 0.9)
CPS76_K82,CPS80_UNK_SK1,K82,UNK,Gal; Glc,Gal; Glc,GlcA,GlcA,Gal; Glc; GlcA,Gal; Glc; GlcA,Gal~~Gal; Gal~~Glc,Gal~~Gal; Gal~~Glc,Gal~~GlcA,Gal~~GlcA,Gal~~Gal; Gal~~Glc; Gal~~GlcA,Gal~~Gal; Gal~~Glc; Gal~~GlcA,a1-3; b1-3,a1-3; b1-3,b1-4,b1-4,a1-3; b1-3; b1-4,a1-3; b1-3; b1-4,1.0,1.0,1.0,1.0,1.0,1.0,1.0,1.0,1.0,1.0,1.0,1.0,Gal; Gal~a1-3~Glc; Gal~b1-3~Gal; Gal~b1-3~Gal~a1-3~Glc; Glc; Glc~a1-3~Gal; Glc~a1-3~Gal~b1-3~Gal,Gal; Gal~a1-3~Glc; Gal~b1-3~Gal; Gal~b1-3~Gal~a1-3~Glc; Glc; Glc~a1-3~Gal; Glc~a1-3~Gal~b1-3~Gal,Gal; Gal~b1-4~GlcA; GlcA; GlcA~b1-4~Gal,Gal; Gal~b1-4~GlcA; GlcA; GlcA~b1-4~Gal,Gal; Gal~a1-3~Glc; Gal~b1-3~Gal; Gal~b1-3~Gal~a1-3~Glc; Gal~b1-4~GlcA; Glc; GlcA; GlcA~b1-4~Gal; Glc~a1-3~Gal; Glc~a1-3~Gal~b1-3~Gal,Gal; Gal~a1-3~Glc; Gal~b1-3~Gal; Gal~b1-3~Gal~a1-3~Glc; Gal~b1-4~GlcA; Glc; GlcA; GlcA~b1-4~Gal; Glc~a1-3~Gal; Glc~a1-3~Gal~b1-3~Gal,1.0,1.0,1.0,near-identical (total ≥ 0.9)
CPS79_K8_A4,CPS80_UNK_SK1,K8,UNK,Gal; Glc,Gal; Glc,Gal; GlcA,GlcA,Gal; Glc; GlcA,Gal; Glc; GlcA,Gal~~Gal; Gal~~Glc,Gal~~Gal; Gal~~Glc,Gal~~Gal; Gal~~GlcA,Gal~~GlcA,Gal~~Gal; Gal~~Glc; Gal~~GlcA,Gal~~Gal; Gal~~Glc; Gal~~GlcA,a1-3; b1-3,a1-3; b1-3,a1-2; b1-4,b1-4,a1-2; a1-3; b1-3; b1-4,a1-3; b1-3; b1-4,1.0,1.0,1.0,0.5,0.5,0.5,1.0,1.0,0.75,1.0,0.5,0.963,Gal; Gal~a1-3~Gal; Gal~a1-3~Gal~b1-3~Gal; Gal~a1-3~Gal~b1-4~Glc; Gal~b1-3~Gal; Gal~b1-3~Gal~a1-3~Gal; Gal~b1-3~Gal~a1-3~Gal~b1-4~Glc; Gal~b1-4~Glc; Glc; Glc~b1-4~Gal; Glc~b1-4~Gal~a1-3~Gal; Glc~b1-4~Gal~a1-3~Gal~b1-3~Gal,Gal; Gal~a1-3~Glc; Gal~b1-3~Gal; Gal~b1-3~Gal~a1-3~Glc; Glc; Glc~a1-3~Gal; Glc~a1-3~Gal~b1-3~Gal,Gal; Gal~b1-4~GlcA; GlcA; GlcA~b1-4~Gal,Gal; Gal~b1-4~GlcA; GlcA; GlcA~b1-4~Gal,Gal; Gal~a1-3~Gal; Gal~a1-3~Gal~b1-3~Gal; Gal~a1-3~Gal~b1-4~Glc; Gal~b1-3~Gal; Gal~b1-3~Gal~a1-3~Gal; Gal~b1-3~Gal~a1-3~Gal~b1-4~Glc; Gal~b1-4~Glc; Gal~b1-4~GlcA; Glc; GlcA; GlcA~b1-4~Gal; Glc~b1-4~Gal; Glc~b1-4~Gal~a1-3~Gal; Glc~b1-4~Gal~a1-3~Gal~b1-3~Gal,Gal; Gal~a1-3~Glc; Gal~b1-3~Gal; Gal~b1-3~Gal~a1-3~Glc; Gal~b1-4~GlcA; Glc; GlcA; GlcA~b1-4~Gal; Glc~a1-3~Gal; Glc~a1-3~Gal~b1-3~Gal,0.188,1.0,0.316,near-identical (total ≥ 0.9)
