genomeID,KL15,KL15:colour,PC0775,PC0775:colour
1019KBV,0,#FDFEFE,0.0,#FDFEFE
103KPH,0,#FDFEFE,0.0,#FDFEFE
1043KBV,0,#FDFEFE,0.0,#FDFEFE
1066KBV,1,#1f77b4,1.0,#c9a227
1067KBV,0,#FDFEFE,0.0,#FDFEFE
1072KBV,0,#FDFEFE,0.0,#FDFEFE
1074KBVR,0,#FDFEFE,0.0,#FDFEFE
1093KBV,0,#FDFEFE,0.0,#FDFEFE
1094KBVR,0,#FDFEFE,1.0,#c9a227
1095KBV,0,#FDFEFE,0.0,#FDFEFE
1096KBVR,0,#FDFEFE,1.0,#c9a227
1107KBVR,0,#FDFEFE,0.0,#FDFEFE
1110KBV,0,#FDFEFE,0.0,#FDFEFE
1120KBVR,0,#FDFEFE,0.0,#FDFEFE
1121KBV,0,#FDFEFE,0.0,#FDFEFE
1143KBV,1,#1f77b4,1.0,#c9a227
1147KBV,1,#1f77b4,1.0,#c9a227
114KPH,0,#FDFEFE,0.0,#FDFEFE
1156KBVR,0,#FDFEFE,0.0,#FDFEFE
1158KBVR,0,#FDFEFE,0.0,#FDFEFE
1163KBVR,0,#FDFEFE,0.0,#FDFEFE
1191KBV,0,#FDFEFE,0.0,#FDFEFE
1194KBV,0,#FDFEFE,0.0,#FDFEFE
1196KBV,0,#FDFEFE,0.0,#FDFEFE
119KBVR,0,#FDFEFE,0.0,#FDFEFE
1216KBVR,0,#FDFEFE,0.0,#FDFEFE
1217KBV,0,#FDFEFE,0.0,#FDFEFE
1245KBVR,0,#FDFEFE,0.0,#FDFEFE
125KPH,0,#FDFEFE,,
1284KBV,0,#FDFEFE,0.0,#FDFEFE
1293KBV,0,#FDFEFE,0.0,#FDFEFE
1296KBV,0,#FDFEFE,0.0,#FDFEFE
12KPH,0,#FDFEFE,0.0,#FDFEFE
1306KBV,0,#FDFEFE,0.0,#FDFEFE
130KPH,0,#FDFEFE,0.0,#FDFEFE
1342KBVR,1,#1f77b4,0.0,#FDFEFE
1343KBVR,1,#1f77b4,0.0,#FDFEFE
1344KBVR,1,#1f77b4,0.0,#FDFEFE
1354KBVR,0,#FDFEFE,0.0,#FDFEFE
1359KBV,0,#FDFEFE,0.0,#FDFEFE
1362KBV,0,#FDFEFE,0.0,#FDFEFE
1391KBVR,1,#1f77b4,0.0,#FDFEFE
13KBV,0,#FDFEFE,0.0,#FDFEFE
1405KBV,0,#FDFEFE,0.0,#FDFEFE
1405KBVR,0,#FDFEFE,0.0,#FDFEFE
1410KBVR,0,#FDFEFE,0.0,#FDFEFE
1419KBV,0,#FDFEFE,0.0,#FDFEFE
1421KBVR,0,#FDFEFE,0.0,#FDFEFE
1429KBV,1,#1f77b4,0.0,#FDFEFE
1432KBVR,1,#1f77b4,0.0,#FDFEFE
1433KBVR,0,#FDFEFE,0.0,#FDFEFE
1434KBVR,1,#1f77b4,0.0,#FDFEFE
1454KBVR,0,#FDFEFE,0.0,#FDFEFE
145KBV,0,#FDFEFE,0.0,#FDFEFE
1477KBV,0,#FDFEFE,0.0,#FDFEFE
147KBV,0,#FDFEFE,0.0,#FDFEFE
148KBV,0,#FDFEFE,0.0,#FDFEFE
1495KBV,0,#FDFEFE,0.0,#FDFEFE
1499KBV,0,#FDFEFE,0.0,#FDFEFE
1507KBV,0,#FDFEFE,0.0,#FDFEFE
1511KBVR,0,#FDFEFE,0.0,#FDFEFE
151KBVR,1,#1f77b4,1.0,#c9a227
1529KBV,0,#FDFEFE,0.0,#FDFEFE
1556KBV,0,#FDFEFE,0.0,#FDFEFE
1564KBV,0,#FDFEFE,0.0,#FDFEFE
156KPH,1,#1f77b4,0.0,#FDFEFE
1577KBV,0,#FDFEFE,0.0,#FDFEFE
157KPH,1,#1f77b4,0.0,#FDFEFE
1583KBV,0,#FDFEFE,0.0,#FDFEFE
158KBVR,0,#FDFEFE,0.0,#FDFEFE
1598KBVR,0,#FDFEFE,0.0,#FDFEFE
159KBVR,0,#FDFEFE,0.0,#FDFEFE
1603KBVR,0,#FDFEFE,0.0,#FDFEFE
1608KBVR,0,#FDFEFE,0.0,#FDFEFE
1612KBV,0,#FDFEFE,0.0,#FDFEFE
1616KBV,0,#FDFEFE,0.0,#FDFEFE
1621KBVR,0,#FDFEFE,0.0,#FDFEFE
1622KBVR,0,#FDFEFE,0.0,#FDFEFE
1638KBVR,0,#FDFEFE,0.0,#FDFEFE
164KPH,0,#FDFEFE,0.0,#FDFEFE
1656KBVR,0,#FDFEFE,0.0,#FDFEFE
1674KBV,0,#FDFEFE,0.0,#FDFEFE
1674KBVR,1,#1f77b4,0.0,#FDFEFE
1688KBVR,0,#FDFEFE,0.0,#FDFEFE
1690KBVR,0,#FDFEFE,0.0,#FDFEFE
1698KBVR,1,#1f77b4,0.0,#FDFEFE
1700KBVR,1,#1f77b4,0.0,#FDFEFE
1703KBVR,0,#FDFEFE,0.0,#FDFEFE
170KPH,0,#FDFEFE,0.0,#FDFEFE
1716KBV,0,#FDFEFE,0.0,#FDFEFE
1726KBV,0,#FDFEFE,0.0,#FDFEFE
173KBV,0,#FDFEFE,,
1751KBV,1,#1f77b4,0.0,#FDFEFE
1752KBV,1,#1f77b4,0.0,#FDFEFE
1754KBV,0,#FDFEFE,0.0,#FDFEFE
1755KBV,0,#FDFEFE,0.0,#FDFEFE
175KBV,0,#FDFEFE,0.0,#FDFEFE
1772KBV,0,#FDFEFE,0.0,#FDFEFE
1776KBV,1,#1f77b4,0.0,#FDFEFE
1781KBV,0,#FDFEFE,0.0,#FDFEFE
178KBV,0,#FDFEFE,0.0,#FDFEFE
179KPH,0,#FDFEFE,0.0,#FDFEFE
193KPH,0,#FDFEFE,0.0,#FDFEFE
196KPH,0,#FDFEFE,0.0,#FDFEFE
19KPH,0,#FDFEFE,0.0,#FDFEFE
201KBVR,0,#FDFEFE,0.0,#FDFEFE
209KBVR,0,#FDFEFE,0.0,#FDFEFE
222KBVR,0,#FDFEFE,0.0,#FDFEFE
236KPH,0,#FDFEFE,0.0,#FDFEFE
23KBV,0,#FDFEFE,0.0,#FDFEFE
246KPH,0,#FDFEFE,0.0,#FDFEFE
250KBV,0,#FDFEFE,0.0,#FDFEFE
251KBV,0,#FDFEFE,0.0,#FDFEFE
261KPH,0,#FDFEFE,0.0,#FDFEFE
262KPH,0,#FDFEFE,0.0,#FDFEFE
271KPH,1,#1f77b4,1.0,#c9a227
275KBVR,0,#FDFEFE,0.0,#FDFEFE
277KPH,0,#FDFEFE,0.0,#FDFEFE
282KBV,0,#FDFEFE,0.0,#FDFEFE
282KPH,1,#1f77b4,1.0,#c9a227
289KPH,1,#1f77b4,0.0,#FDFEFE
294KBVR,0,#FDFEFE,0.0,#FDFEFE
2KPH,0,#FDFEFE,0.0,#FDFEFE
300KPH,1,#1f77b4,0.0,#FDFEFE
303KPH,1,#1f77b4,1.0,#c9a227
313KPH,0,#FDFEFE,0.0,#FDFEFE
316KPH,0,#FDFEFE,0.0,#FDFEFE
342KBV,0,#FDFEFE,0.0,#FDFEFE
344KPH,1,#1f77b4,0.0,#FDFEFE
349KPH,0,#FDFEFE,0.0,#FDFEFE
353KPH,0,#FDFEFE,0.0,#FDFEFE
354KPH,0,#FDFEFE,0.0,#FDFEFE
35KBVR,0,#FDFEFE,0.0,#FDFEFE
371KPH,0,#FDFEFE,0.0,#FDFEFE
373KBV,0,#FDFEFE,0.0,#FDFEFE
378KPH,0,#FDFEFE,0.0,#FDFEFE
37KBV,0,#FDFEFE,0.0,#FDFEFE
37KPH,0,#FDFEFE,0.0,#FDFEFE
387KBV,0,#FDFEFE,0.0,#FDFEFE
38KPH,0,#FDFEFE,1.0,#c9a227
404KBVR,0,#FDFEFE,0.0,#FDFEFE
415KBV,0,#FDFEFE,0.0,#FDFEFE
417KBV,0,#FDFEFE,0.0,#FDFEFE
427KBV,0,#FDFEFE,0.0,#FDFEFE
432KBV,0,#FDFEFE,0.0,#FDFEFE
439KBV,0,#FDFEFE,0.0,#FDFEFE
43KPH,1,#1f77b4,1.0,#c9a227
444KBV,0,#FDFEFE,0.0,#FDFEFE
467KBVR,0,#FDFEFE,0.0,#FDFEFE
48KPH,1,#1f77b4,0.0,#FDFEFE
491KBVR,0,#FDFEFE,0.0,#FDFEFE
497KBVR,1,#1f77b4,1.0,#c9a227
49KPH,1,#1f77b4,0.0,#FDFEFE
50KPH,1,#1f77b4,0.0,#FDFEFE
51KBVR,0,#FDFEFE,0.0,#FDFEFE
537KBVR,0,#FDFEFE,0.0,#FDFEFE
553KBVR,0,#FDFEFE,0.0,#FDFEFE
572KBVR,0,#FDFEFE,0.0,#FDFEFE
594KBV,0,#FDFEFE,0.0,#FDFEFE
613KBV,0,#FDFEFE,0.0,#FDFEFE
61KPH,0,#FDFEFE,0.0,#FDFEFE
621KBV,0,#FDFEFE,0.0,#FDFEFE
633KBV,0,#FDFEFE,0.0,#FDFEFE
638KBV,0,#FDFEFE,0.0,#FDFEFE
658KBVR,0,#FDFEFE,0.0,#FDFEFE
679KBV,0,#FDFEFE,0.0,#FDFEFE
67KBV,0,#FDFEFE,0.0,#FDFEFE
68KPH,0,#FDFEFE,0.0,#FDFEFE
729KBV,0,#FDFEFE,0.0,#FDFEFE
732KBVR,0,#FDFEFE,0.0,#FDFEFE
739KBV,0,#FDFEFE,0.0,#FDFEFE
741KBV,0,#FDFEFE,,
741KBVR,0,#FDFEFE,0.0,#FDFEFE
746KBV,0,#FDFEFE,0.0,#FDFEFE
748KBVR,0,#FDFEFE,0.0,#FDFEFE
74KBVR,0,#FDFEFE,0.0,#FDFEFE
780KBVR,0,#FDFEFE,0.0,#FDFEFE
789KBV,0,#FDFEFE,0.0,#FDFEFE
791KBV,1,#1f77b4,1.0,#c9a227
7KBV,0,#FDFEFE,0.0,#FDFEFE
811KBVR,0,#FDFEFE,0.0,#FDFEFE
816KBVR,0,#FDFEFE,0.0,#FDFEFE
824KBV,1,#1f77b4,1.0,#c9a227
85KPH,0,#FDFEFE,0.0,#FDFEFE
86KPH,0,#FDFEFE,0.0,#FDFEFE
875KBV,0,#FDFEFE,0.0,#FDFEFE
877KBV,0,#FDFEFE,0.0,#FDFEFE
880KBV,0,#FDFEFE,0.0,#FDFEFE
88KBVR,0,#FDFEFE,0.0,#FDFEFE
8KPH,0,#FDFEFE,0.0,#FDFEFE
903KBV,0,#FDFEFE,0.0,#FDFEFE
920KBVR,0,#FDFEFE,0.0,#FDFEFE
930KBV,1,#1f77b4,1.0,#c9a227
944KBV,0,#FDFEFE,0.0,#FDFEFE
946KBVR,1,#1f77b4,0.0,#FDFEFE
956KBVR,0,#FDFEFE,0.0,#FDFEFE
963KBV,0,#FDFEFE,0.0,#FDFEFE
967KBVR,0,#FDFEFE,0.0,#FDFEFE
986KBVR,0,#FDFEFE,0.0,#FDFEFE
99KPH,0,#FDFEFE,0.0,#FDFEFE
